0.07337661,1.0183625,0.13813417
0.073402524,1.0183401,0.13813105
0.07345828,1.0183048,0.13811915
0.073483355,1.0182911,0.13811316
0.07350771,1.018281,0.13810752
0.07353014,1.0182732,0.13810359
0.073550485,1.0182661,0.13810147
0.07356772,1.0182647,0.13810183
0.07357861,1.0182568,0.13810098
0.07358627,1.0182444,0.1381019
0.07359126,1.0182291,0.13810469
0.073596984,1.0182159,0.13811278
0.073606245,1.0182,0.13812035
0.07362139,1.018184,0.13812849
0.07364492,1.0181679,0.13813415
0.07368252,1.0181576,0.13813753
0.07372097,1.0181493,0.13814016
0.07376103,1.0181451,0.13814807
0.073800735,1.0181445,0.1381568
0.0738389,1.0181453,0.13816418
0.073910765,1.0181465,0.13818826
0.07394172,1.0181371,0.13820091
0.07396776,1.018124,0.13821028
0.0739884,1.0181062,0.13822186
0.07399963,1.0180846,0.13823532
0.074009165,1.0180627,0.13825062
0.07401855,1.0180439,0.13826449
0.07402924,1.0180297,0.13827682
0.07404286,1.0180254,0.13829581
0.07406038,1.0180264,0.13831364
0.07408365,1.0180327,0.13833235
0.074113004,1.0180427,0.13835035
0.07415195,1.0180597,0.13837336
0.07419001,1.0180678,0.1383927
0.07423007,1.018069,0.13840987
0.07426918,1.018064,0.13842675
0.07430636,1.0180523,0.13844952
0.074343435,1.0180081,0.13849232
0.07435188,1.0179785,0.13851061
0.07435574,1.017947,0.13852544
0.07435631,1.0179143,0.1385423
0.07435869,1.0178857,0.13855898
0.07436538,1.0178593,0.13857669
0.07437896,1.0178397,0.13859417
0.07439695,1.0178263,0.13860917
0.07442327,1.0178268,0.13862726
0.07444803,1.0178283,0.13864209
0.07447286,1.0178313,0.13865706
0.07449857,1.0178335,0.13867316
0.07453194,1.0178344,0.13869184
0.0745627,1.0178226,0.13870601
0.07459601,1.0178049,0.13871802
0.07463115,1.0177824,0.13872848
0.07466397,1.0177553,0.13873646
0.07469815,1.0177275,0.1387519
0.074717864,1.0176983,0.13876644
0.074728765,1.0176708,0.13878144
0.074725434,1.0176231,0.13880466
0.074716374,1.0176057,0.13881409
0.0747039,1.0175967,0.13882634
0.07469119,1.0175906,0.1388373
0.07468381,1.0175862,0.13884822
0.07468659,1.0175831,0.13885555
0.074704945,1.0175809,0.13885997
0.074730165,1.0175709,0.1388611
0.07476403,1.0175558,0.13886468
0.07480425,1.0175358,0.13886906
0.07485753,1.0175152,0.13887691
0.07489932,1.01749,0.13888162
0.07493434,1.0174657,0.13888715
0.07496188,1.0174422,0.13889197
0.07498019,1.0174222,0.1388943
0.07499028,1.0174091,0.13889942
0.07497662,1.0173876,0.1389093
0.074961245,1.0173807,0.13891187
0.074945115,1.0173811,0.13891838
0.07493061,1.0173775,0.13892224
0.07492296,1.0173723,0.13892792
0.074920595,1.0173647,0.13893108
0.07492604,1.0173539,0.13893494
0.07494293,1.0173424,0.13893996
0.07496345,1.0173279,0.13893965
0.074989386,1.0173137,0.13893552
0.07501934,1.017299,0.13893199
0.075059794,1.0172869,0.13893412
0.07508956,1.0172745,0.13893159
0.075116426,1.017264,0.13892764
0.07513599,1.0172557,0.13892134
0.0751473,1.0172495,0.1389165
0.075151876,1.0172468,0.13891098
0.07514469,1.0172415,0.1389026
0.07513232,1.0172343,0.13889588
0.07512027,1.0172237,0.13889216
0.07511268,1.0172126,0.1388862
0.07510546,1.0172005,0.13887483
0.07510064,1.0171888,0.13886426
0.07509748,1.0171787,0.13885383
0.075110756,1.0171672,0.13883358
0.07512239,1.0171664,0.13882439
0.07513774,1.017168,0.13881306
0.07515846,1.0171725,0.13879845
0.07518822,1.0171803,0.1387832
0.07521032,1.0171845,0.13876921
0.075229846,1.0171874,0.13875851
0.07524393,1.0171877,0.13874555
0.07525218,1.0171849,0.1387306
0.075255334,1.017181,0.13871494
0.07524736,1.0171748,0.13869669
0.07523458,1.0171695,0.13867782
0.07521843,1.0171652,0.13866048
0.07520311,1.0171641,0.1386467
0.07519218,1.0171667,0.13863115
0.075188875,1.0171732,0.13861167
0.07519455,1.0171832,0.13859205
0.07522215,1.0171963,0.13857469
0.07525414,1.017203,0.13855617
0.07529091,1.0172108,0.13853967
0.07532807,1.0172154,0.13852473
0.075361185,1.0172158,0.13850974
0.07539709,1.0172119,0.13849361
0.07541615,1.017206,0.13847396
0.07542288,1.0172008,0.13845769
0.0754177,1.0171978,0.13844794
0.075402476,1.0171968,0.13843815
0.07537237,1.017194,0.13842471
0.07533625,1.0171944,0.13841432
0.0752972,1.0171958,0.13840489
0.07526189,1.017201,0.138394
0.07523274,1.0172092,0.13838424
0.075214684,1.0172136,0.1383748
0.07520511,1.0172164,0.13836455
0.075204246,1.0172173,0.13835391
0.07521893,1.017217,0.13834123
0.07523479,1.0172117,0.1383265
0.07525448,1.0172036,0.13831556
0.07527596,1.017193,0.13830978
0.07529929,1.0171809,0.13830617
0.07532671,1.0171674,0.13829938
0.075339235,1.0171535,0.13828945
0.075341776,1.0171425,0.13828087
0.07533478,1.0171373,0.138276
0.07531897,1.0171442,0.13827157
0.07529391,1.0171561,0.13826565
0.0752648,1.0171756,0.13826096
0.07523471,1.0172019,0.13825436
0.07520822,1.0172318,0.13824497
0.07518681,1.0172688,0.13823324
0.0751719,1.0172969,0.13822263
0.07516377,1.0173203,0.13821396
0.07516349,1.0173362,0.13820529
0.07518237,1.017349,0.13818416
0.07519109,1.017347,0.1381729
0.07520016,1.0173429,0.13816257
0.075207494,1.0173382,0.13815275
0.07521333,1.0173367,0.13814522
0.07520916,1.0173398,0.13813706
0.075199254,1.017349,0.1381257
0.075185075,1.0173651,0.13811307
0.07516555,1.0173917,0.1381011
0.07514147,1.0174177,0.13808978
0.07511555,1.0174456,0.13807794
0.07508896,1.0174723,0.13806625
0.075062506,1.017497,0.13805635
0.07503689,1.0175235,0.13804507
0.07501315,1.0175428,0.13803081
0.074990466,1.0175567,0.13801895
0.07496915,1.0175656,0.13801104
0.07495282,1.0175695,0.13800713
0.074941576,1.0175687,0.13800003
0.07493515,1.0175658,0.13798875
0.07493172,1.0175638,0.13797584
0.074935414,1.0175686,0.13796425
0.07493551,1.0175788,0.13795632
0.07493608,1.0175962,0.13794948
0.07493063,1.0176445,0.13792641
0.07492292,1.0176803,0.13791463
0.07490447,1.0177097,0.13790481
0.074879125,1.0177325,0.13789488
0.07484822,1.0177488,0.13788632
0.07481476,1.0177535,0.13787822
0.074784316,1.0177505,0.13786998
0.07475905,1.0177423,0.13786043
0.074738435,1.0177321,0.13784897
0.07472231,1.0177255,0.13783634
0.07469575,1.0177269,0.1378127
0.0746827,1.0177361,0.13780136
0.07467231,1.0177594,0.13778882
0.07465846,1.0177876,0.13777472
0.074646205,1.017821,0.13776049
0.0746366,1.0178555,0.13774598
0.07463421,1.0178943,0.1377332
0.074631914,1.0179197,0.13772224
0.07462795,1.0179368,0.13770851
0.07460497,1.0179414,0.13767722
0.074587315,1.0179312,0.13766392
0.07456869,1.0179164,0.13765149
0.07455467,1.0179014,0.13763848
0.07454578,1.0178856,0.13762379
0.07454644,1.0178702,0.13760845
0.07454636,1.0178602,0.13759659
0.074549355,1.017856,0.1375867
0.07455591,1.0178587,0.13757858
0.074562006,1.0178666,0.13757075
0.07456833,1.0178852,0.13756186
0.074564666,1.0179062,0.13754918
0.07455664,1.0179329,0.13753654
0.07454368,1.0179622,0.13752382
0.07452608,1.0179981,0.13751055
0.074501164,1.018021,0.13749619
0.07443654,1.0180448,0.13746803
0.074396655,1.0180428,0.13745478
0.07435284,1.0180328,0.13743828
0.0742791,1.0179943,0.13740405
0.07425049,1.0179712,0.13738815
0.074231006,1.0179486,0.13736986
0.07421741,1.0179309,0.13735077
0.074209265,1.0179192,0.13733178
0.0742055,1.0179139,0.13731141
0.07420497,1.0179127,0.13729131
0.07421447,1.0179204,0.13727322
0.07422131,1.0179286,0.13725679
0.074230716,1.0179383,0.13723834
0.07423899,1.0179446,0.13721777
0.07424934,1.017951,0.13719718
0.074250616,1.01795,0.13717984
0.07424639,1.0179437,0.13716221
0.07423584,1.0179305,0.13714314
0.074218504,1.017912,0.13712464
0.07419523,1.01789,0.13710338
0.07416742,1.0178679,0.13708277
0.074106745,1.0178186,0.13704097
0.07408236,1.0177974,0.13701697
0.07406327,1.0177824,0.136993
0.074048005,1.0177721,0.13697107
0.074037686,1.0177664,0.13694881
0.07403687,1.0177658,0.1369184
0.0740405,1.017765,0.13689025
0.07404779,1.0177649,0.13686647
0.074057974,1.017763,0.13684432
0.07406946,1.0177579,0.13682054
0.07408283,1.0177479,0.13679074
0.07408733,1.0177327,0.13676512
0.0740908,1.017711,0.13673986
0.07409502,1.0176834,0.13671398
0.074103564,1.0176462,0.13668562
0.07410602,1.0176089,0.13666177
0.07410519,1.0175731,0.13663496
0.07410194,1.0175407,0.13660638
0.0740972,1.0175146,0.13657989
0.074094,1.0174987,0.1365552
0.074089564,1.017493,0.1365343
0.07408309,1.0174946,0.1365106
0.07407421,1.017499,0.1364881
0.07406166,1.017504,0.13646491
0.07404333,1.0175035,0.1364413
0.0740226,1.0174953,0.13641413
0.07400194,1.0174774,0.13639015
0.0739852,1.0174522,0.13636957
0.07397304,1.0174172,0.13634308
0.073968105,1.0173792,0.13631462
0.07396955,1.0173372,0.13628224
0.07397666,1.0172967,0.13624902
0.07398777,1.017261,0.1362183
0.07400715,1.0172309,0.13618408
0.074021675,1.01721,0.13615322
0.07403414,1.0171952,0.1361219
0.07404049,1.0171868,0.13609067
0.07404105,1.0171863,0.13605641
0.074022844,1.0171775,0.13599327
0.074009806,1.0171698,0.13596049
0.07399582,1.0171582,0.13592522
0.07398206,1.0171392,0.13589506
0.07396925,1.0171107,0.13586508
0.07395835,1.0170743,0.13583429
0.07395108,1.0170361,0.13580176
0.0739489,1.0169932,0.13576439
0.07394984,1.0169556,0.13573381
0.07395697,1.0169201,0.13570407
0.07397073,1.0168921,0.13567238
0.0739943,1.0168726,0.13563623
0.07401426,1.0168637,0.13560861
0.07403595,1.0168597,0.13558361
0.074058264,1.0168586,0.13555901
0.074079104,1.01686,0.13553602
0.07411186,1.0168599,0.1354847
0.07411868,1.016852,0.1354621
0.07411778,1.0168406,0.13543878
0.0741102,1.0168227,0.13541403
0.07409954,1.0167996,0.13539606
0.074090816,1.0167692,0.13537659
0.074083604,1.0167328,0.1353539
0.07407907,1.0166949,0.13533264
0.07407724,1.0166547,0.13530897
0.07407747,1.0166215,0.13529564
0.07407961,1.0165925,0.1352828
0.07408504,1.0165712,0.13526922
0.07409962,1.0165607,0.135251
0.0741442,1.0165732,0.13522264
0.07428185,1.0166208,0.13518342
0.07431253,1.0166196,0.13517404
0.07433863,1.0166104,0.13516285
0.074359156,1.0165961,0.135153
0.07437726,1.0165741,0.1351375
0.074386045,1.0165496,0.13513045
0.07438992,1.016525,0.13512011
0.074388765,1.0165007,0.13511069
0.0743802,1.0164654,0.13510044
0.07436453,1.0164298,0.13509485
0.07435378,1.016404,0.13508816
0.07435149,1.0163648,0.13508892
0.07437209,1.0163131,0.1350895
0.074393086,1.0162475,0.13508937
0.07439746,1.0161662,0.13510002
0.074422754,1.0160803,0.13510919
0.07446665,1.0159677,0.13511026
0.07452407,1.0158399,0.1351129
0.07459861,1.015696,0.135109
0.07466435,1.0155675,0.13510908
0.07473096,1.0154259,0.13511175
0.07478507,1.0152631,0.13511382
0.0748558,1.0150688,0.13510641
0.074907795,1.0149024,0.13510798
0.074950084,1.0147182,0.13510305
0.074996166,1.0145255,0.13510595
0.07503787,1.0143057,0.13510004
0.07506268,1.014043,0.1350905
0.07506334,1.0138055,0.13509631
0.075060286,1.013561,0.13509542
0.07506701,1.0133085,0.13509557
0.07505425,1.0129902,0.1350834
0.07504837,1.0127205,0.13508569
0.07503549,1.0124714,0.13509473
0.07503621,1.0122166,0.1350878
0.075069055,1.0119543,0.13508254
0.07517414,1.0113338,0.13508278
0.07524063,1.0110271,0.1350868
0.07530384,1.0106903,0.13507698
0.075368814,1.0102882,0.1350688
0.07541445,1.0099454,0.13507132
0.07544885,1.0095892,0.13507365
0.07548551,1.0092407,0.1350761
0.07550044,1.0088977,0.1350859
0.07551421,1.0084841,0.13508515
0.075513445,1.0081317,0.1350847
0.075508334,1.0077761,0.13509096
0.07552604,1.0073912,0.13509448
0.07555884,1.006932,0.13511
0.07559064,1.0065373,0.13512875
0.075647935,1.0061357,0.13513543
0.075693876,1.0057249,0.13514438
0.07574022,1.0052898,0.13515219
0.07582203,1.0047733,0.13515942
0.07589296,1.0043368,0.135173
0.07597238,1.0038989,0.13518707
0.076158665,1.0029118,0.13522969
0.07622997,1.0024501,0.13524526
0.07630307,1.0019981,0.13526914
0.07636352,1.0015304,0.13529155
0.0764479,1.0009512,0.13530792
0.07650856,1.0004843,0.13533151
0.076551095,1.0000086,0.13535249
0.076603234,0.999538,0.13537587
0.076643415,0.99906236,0.13540636
0.07670178,0.99848723,0.13542798
0.076759204,0.9979906,0.13545099
0.07681369,0.99750525,0.1354826
0.07689084,0.99700004,0.1355069
0.07699731,0.9963689,0.1355237
0.077079214,0.9958473,0.13554852
0.07717589,0.995316,0.1355662
0.07733178,0.9942679,0.13560906
0.07742312,0.99362975,0.1356265
0.077487744,0.9931028,0.13564968
0.07754519,0.99258393,0.135667
0.077628784,0.9920674,0.13569053
0.077722944,0.99145246,0.13572456
0.07779175,0.9909349,0.13575737
0.077864245,0.9904172,0.13578404
0.077918366,0.9899134,0.13581036
0.07799391,0.98939544,0.13583964
0.07809356,0.9887795,0.13587485
0.078173734,0.98826987,0.13590924
0.07826224,0.9877635,0.13592881
0.0783536,0.98723125,0.13595377
0.0784639,0.98656213,0.1359819
0.078574,0.98601025,0.13600442
0.078719266,0.98492104,0.13605195
0.07880052,0.9843768,0.13607834
0.07888792,0.98371685,0.1361043
0.07896049,0.9831926,0.13612793
0.079041734,0.98271644,0.13615365
0.07910979,0.98223764,0.13619018
0.079204746,0.98165697,0.13622035
0.07928523,0.98120457,0.13624464
0.079419434,0.98028797,0.13631178
0.0795058,0.97978896,0.13635318
0.07962426,0.97913295,0.13638926
0.079748996,0.97859204,0.13641119
0.079859026,0.9780647,0.13643743
0.07997309,0.9775221,0.1364663
0.08012108,0.97684556,0.13648984
0.080227435,0.97630304,0.13651349
0.08032153,0.97580403,0.13653836
0.08041117,0.97532696,0.13656719
0.08047237,0.9748849,0.13660118
0.08054879,0.9742917,0.13661835
0.08060249,0.973856,0.1366382
0.08064605,0.97344136,0.13667516
0.080711134,0.9730261,0.13670756
0.08085944,0.97201353,0.1367577
0.08093998,0.9715818,0.13677648
0.08103011,0.9711146,0.13680361
0.08112947,0.97066444,0.13683303
0.08128761,0.96998155,0.13685156
0.08139119,0.9695048,0.13686389
0.08148117,0.9690614,0.13687314
0.08157081,0.96861297,0.13688663
0.08163928,0.96818167,0.13690835
0.081733294,0.96758264,0.13691585
0.081782244,0.96720123,0.13693093
0.08182715,0.9667968,0.13695617
0.08192106,0.96607727,0.13699149
0.08198581,0.9655343,0.13700084
0.08202082,0.9652084,0.13702074
0.08204785,0.9648584,0.13705295
0.082073614,0.96454114,0.13707398
0.0821069,0.9642072,0.13708228
0.0821747,0.9637095,0.13709494
0.082233705,0.963346,0.13710909
0.08228211,0.9630121,0.13711809
0.08234029,0.96263677,0.13713
0.08243205,0.96212316,0.13713814
0.082499534,0.9617773,0.13714862
0.08257379,0.96140206,0.13716102
0.08264319,0.96108145,0.13716348
0.08271614,0.9607401,0.13717315
0.08281891,0.96027374,0.13718629
0.08286965,0.95999134,0.13718937
0.08288679,0.9597354,0.137194
0.082887165,0.95946676,0.13719934
0.0828758,0.9590804,0.13720253
0.082837425,0.95883936,0.13721141
0.082800336,0.958638,0.1372137
0.08276815,0.9584069,0.13721576
0.082753636,0.9581339,0.13721772
0.08276892,0.95772004,0.13721366
0.08277784,0.95746213,0.13720997
0.0828142,0.9572277,0.13720739
0.08288828,0.9569708,0.1372077
0.083018295,0.95654577,0.13720958
0.08312778,0.95628303,0.1372053
0.083218,0.956083,0.13720188
0.08330219,0.9558599,0.13721167
0.08340753,0.9554535,0.13720766
0.08343827,0.9553006,0.13720345
0.083461024,0.95514745,0.13721538
0.08342187,0.95505756,0.13729034
0.0833083,0.95493454,0.13743776
0.083070666,0.9545919,0.13767898
0.08281369,0.9543467,0.13797581
0.08236213,0.9541038,0.13839905
0.08114929,0.9531813,0.14030108
0.080176264,0.952622,0.14191817
0.07899867,0.9519089,0.1441313
0.07768669,0.95113695,0.1469458
0.07622116,0.95026517,0.15037318
0.07396721,0.9489779,0.15518123
0.071733125,0.9478696,0.16003181
0.06912883,0.9467451,0.16555691
0.065979294,0.945584,0.17166708
0.061469622,0.94397146,0.17949541
0.056929607,0.9424932,0.18681787
0.051764533,0.9409215,0.19458626
0.046015054,0.9394228,0.20266539
0.039707754,0.93805647,0.21103774
0.031740114,0.9367149,0.22101319
0.02460087,0.93599707,0.2297807
0.009588197,0.9354346,0.24745163
0.0005010131,0.9354079,0.25765723
-0.007439551,0.9357577,0.26635653
-0.0154055245,0.9362947,0.27494815
-0.023629952,0.93682265,0.28331944
-0.032033216,0.9372969,0.29157376
-0.041938834,0.93785465,0.3009991
-0.050684884,0.938436,0.30896133
-0.059577752,0.9391371,0.31673422
-0.06875598,0.93985236,0.3243508
-0.07974914,0.9406872,0.332965
-0.089596696,0.9416819,0.34010023
-0.09959999,0.9430051,0.34697598
-0.10983304,0.94465965,0.3534836
-0.12020696,0.94665104,0.3596482
-0.13230558,0.94939977,0.36630693
-0.15303169,0.9557697,0.3765701
-0.16330881,0.9595385,0.38114318
-0.17511813,0.96424866,0.38604566
-0.18503204,0.9688003,0.38984564
-0.19460824,0.97366387,0.3933325
-0.20387608,0.9787564,0.3965967
-0.21425813,0.9847191,0.40017048
-0.22299278,0.9901679,0.4030703
-0.239774,1.0017219,0.40855336
-0.24776745,1.0078722,0.41115913
-0.25659877,1.0152854,0.41403854
-0.26392224,1.0221671,0.4165286
-0.2708299,1.0294274,0.4188547
-0.27739915,1.037063,0.42120546
-0.28458163,1.0461961,0.4239924
-0.2902698,1.0545988,0.42629462
-0.2956207,1.0633519,0.42875326
-0.3004111,1.072605,0.4311556
-0.30470234,1.0822732,0.43355107
-0.30916792,1.0937574,0.4366242
-0.31245592,1.1039937,0.4394151
-0.31516758,1.114482,0.4422655
-0.31722295,1.1251211,0.44511542
-0.3188139,1.1376208,0.4484465
-0.31963184,1.1485142,0.45135048
-0.31995556,1.1593944,0.45431405
-0.31887695,1.1808864,0.46022266
-0.3172457,1.1930286,0.46361628
-0.31542307,1.2033949,0.46650976
-0.31318483,1.2136475,0.46939328
-0.31065997,1.223807,0.4722423
-0.30749035,1.2354664,0.4756716
-0.30454075,1.2454523,0.4785863
-0.30127332,1.2552623,0.48153293
-0.29770797,1.2648326,0.4845313
-0.29404706,1.2742875,0.48758292
-0.289389,1.2848761,0.4912079
-0.28476086,1.2937639,0.49424753
-0.27974996,1.302416,0.4972581
-0.27449808,1.3108169,0.5002995
-0.26893198,1.3189439,0.5033371
-0.26265368,1.3270867,0.5065309
-0.24866797,1.3423095,0.51286215
-0.24194719,1.3487697,0.5157455
-0.235188,1.3549275,0.5186202
-0.22726658,1.3616357,0.5219133
-0.22034895,1.3670785,0.5247251
-0.21316221,1.3721912,0.5274179
-0.2059674,1.3770772,0.53010195
-0.198835,1.3816303,0.53280246
-0.19028431,1.3865806,0.535825
-0.18269406,1.3906231,0.53830576
-0.1748245,1.3944439,0.54064983
-0.1668121,1.3980439,0.5428117
-0.15721028,1.4018862,0.54511344
-0.14877689,1.4050616,0.5468604
-0.14029472,1.4079571,0.5484193
-0.13181676,1.4105504,0.5497931
-0.12192691,1.4131128,0.551182
-0.113459796,1.4150492,0.5522615
-0.104876235,1.4167225,0.5532572
-0.09624358,1.4181886,0.55418164
-0.087530285,1.4194548,0.5551432
-0.07731119,1.4205607,0.5562766
-0.06864638,1.4213963,0.5573355
-0.05992374,1.4220599,0.55851763
-0.05119958,1.4225973,0.55980605
-0.042483795,1.4230624,0.56118983
-0.03230396,1.4233518,0.56294686
-0.023377059,1.4235027,0.5645506
-0.014492702,1.4235669,0.56615937
-0.0054019187,1.4234192,0.56784165
0.005309009,1.4229119,0.56985754
0.014458138,1.4223205,0.5716808
0.023727322,1.4214543,0.57361305
0.0329985,1.420413,0.5755216
0.04237025,1.4191524,0.57748634
0.053341698,1.4173647,0.57983124
0.06270936,1.4155977,0.5818635
0.07175554,1.4136686,0.58383185
0.08087149,1.411605,0.58588374
0.09153949,1.4089272,0.5883184
0.10054643,1.4065458,0.59034586
0.11823183,1.4013014,0.59436613
0.12838408,1.397937,0.5966655
0.13698156,1.3949661,0.59855795
0.14564398,1.3918583,0.6003855
0.15437205,1.3885415,0.6020671
0.16304485,1.3850461,0.60362124
0.1729751,1.3805813,0.60521746
0.1814671,1.376459,0.6063951
0.18985638,1.3721646,0.60740304
0.19816357,1.3675351,0.60830057
0.20791103,1.3616478,0.60918826
0.21608768,1.356433,0.6098372
0.2239793,1.3509599,0.6104773
0.23193765,1.345297,0.6111116
0.23981042,1.3394295,0.6117769
0.24880318,1.3322606,0.6126118
0.2563835,1.325983,0.613422
0.27124062,1.31284,0.61517453
0.27950296,1.304641,0.6162575
0.28643495,1.2974744,0.61716205
0.2930014,1.2900449,0.6179174
0.29944032,1.2823848,0.6186553
0.30585316,1.2744131,0.6194027
0.3131268,1.2647007,0.62017465
0.31890845,1.2562174,0.6206752
0.32470176,1.2473851,0.62124187
0.33043343,1.2383318,0.6217244
0.33662966,1.2275622,0.62227076
0.3419335,1.2182833,0.62276006
0.3469916,1.2089187,0.62328094
0.35175136,1.1994792,0.6237562
0.3564388,1.1898944,0.6243263
0.3616719,1.1786066,0.6250604
0.36981001,1.1593503,0.6262647
0.3732519,1.1496333,0.6266721
0.3767355,1.1380446,0.62697434
0.3794169,1.1280386,0.62718266
0.38201547,1.1179221,0.62740713
0.3845176,1.1077105,0.6275911
0.3870152,1.0957787,0.6277825
0.38901445,1.0856247,0.62795156
0.39084393,1.0754191,0.62814957
0.3924771,1.0652707,0.62838787
0.39387292,1.0550892,0.62866294
0.39521235,1.0431668,0.6290378
0.39592907,1.0330342,0.6292182
0.39650494,1.0128117,0.6295626
0.39596513,1.0009984,0.6296192
0.39515394,0.9909929,0.6295317
0.39395487,0.98099893,0.62946266
0.39270893,0.970998,0.6294077
0.3911882,0.961067,0.6293249
0.38912573,0.94951165,0.6292161
0.38724935,0.9396932,0.62909675
0.3852556,0.92985225,0.6289402
0.3831037,0.91997874,0.6287684
0.38021636,0.9084345,0.62857157
0.37763703,0.8986402,0.62821835
0.37474364,0.8888523,0.62783074
0.3716494,0.87914497,0.627378
0.36820263,0.8695143,0.6269351
0.36387944,0.85828775,0.62650996
0.35990077,0.848863,0.6260492
0.35111895,0.8302904,0.62522906
0.34546423,0.81958896,0.62492555
0.34038797,0.81045306,0.62466973
0.33491075,0.80145323,0.6244384
0.32942826,0.7925331,0.62432057
0.32363242,0.78368676,0.62415147
0.3164922,0.7734606,0.6240905
0.31029952,0.7648485,0.6240158
0.30395448,0.75633687,0.62400186
0.29757267,0.74795634,0.62409025
0.28989342,0.738368,0.62427354
0.28316253,0.73032355,0.624404
0.27609983,0.72245055,0.6245398
0.26875916,0.7147221,0.6246286
0.25988036,0.7058775,0.6248536
0.25167522,0.6981235,0.62496746
0.24360709,0.69099754,0.62503344
0.2353615,0.6839902,0.62506396
0.22699928,0.6772068,0.6251587
0.21842825,0.67058796,0.6251831
0.20980349,0.66412234,0.6252853
0.1995387,0.6568907,0.6254678
0.1907569,0.650929,0.625655
0.18173857,0.6452474,0.62583154
0.17255156,0.6398789,0.6260406
0.16162547,0.63401085,0.6264096
0.15232068,0.62927157,0.62670213
0.14309691,0.62474436,0.6270956
0.13384554,0.6204255,0.6275137
0.12282574,0.6158443,0.6282488
0.11352134,0.6121555,0.6288547
0.104103014,0.60868186,0.6294889
0.09438307,0.60556024,0.6301472
0.08474114,0.602679,0.6307872
0.0732751,0.5997738,0.63161373
0.063639335,0.5975625,0.6322185
0.0442444,0.59394777,0.633336
0.032676846,0.5925235,0.63399434
0.023016665,0.59151095,0.63447505
0.013510374,0.59073424,0.6349882
0.004067642,0.5901435,0.6354467
-0.0053516673,0.58983254,0.63593864
-0.016413964,0.5899124,0.6366116
-0.025795862,0.59022176,0.6370108
-0.035389416,0.59082997,0.6373107
-0.044802696,0.59171396,0.6375896
-0.05585745,0.5932565,0.63795096
-0.065270364,0.59483147,0.6380611
-0.07482263,0.5967801,0.6380456
-0.08415901,0.59888756,0.63796973
-0.09336435,0.6011889,0.6378138
-0.10423666,0.6042935,0.63759965
-0.113437586,0.60711956,0.6372476
-0.12250154,0.6101628,0.636876
-0.13165453,0.6134112,0.6363848
-0.14245273,0.61764187,0.635875
-0.15141092,0.6213859,0.635295
-0.16016203,0.6253766,0.6347087
-0.16896734,0.6295842,0.6339964
-0.17761095,0.63404185,0.6332914
-0.1875988,0.63962483,0.63248646
-0.19593453,0.64452636,0.63166034
-0.20423481,0.6496066,0.63082707
-0.21248035,0.65483767,0.6299903
-0.22200592,0.6612832,0.6291223
-0.22996245,0.6668345,0.6283482
-0.23795903,0.67261624,0.62762064
-0.245838,0.6785621,0.6269862
-0.25340936,0.6846661,0.6264242
-0.26909846,0.69841504,0.62563354
-0.27581337,0.7049671,0.6253552
-0.28242964,0.71168226,0.6251863
-0.28997722,0.71992373,0.62521684
-0.2960072,0.72705305,0.62516147
-0.30166253,0.73437846,0.6251455
-0.30703107,0.7417969,0.62513196
-0.31322917,0.7508426,0.6252579
-0.31820214,0.7586743,0.6252681
-0.32759205,0.7745273,0.6253561
-0.33193764,0.78258795,0.62548536
-0.33683935,0.79237676,0.62575096
-0.34062022,0.80076075,0.62583745
-0.344228,0.8092214,0.6259865
-0.3475024,0.8177029,0.6260798
-0.35093617,0.82795453,0.6262053
-0.3535831,0.83676744,0.62618583
-0.35617936,0.8457944,0.6262208
-0.35838467,0.85498285,0.6261734
-0.36012477,0.86429983,0.6259654
-0.36201215,0.87545407,0.62579125
-0.36339232,0.8849756,0.6255502
-0.36455998,0.8946731,0.62537366
-0.3662081,0.9160508,0.62496847
-0.36683074,0.9258949,0.62488735
-0.36718315,0.9358422,0.62483037
-0.36723992,0.94574463,0.6246726
-0.3670347,0.95566714,0.62449706
-0.36643827,0.96732104,0.6243296
-0.3656229,0.97718537,0.62412924
-0.3646032,0.98709273,0.62393486
-0.36356428,0.99706995,0.6237587
-0.36193368,1.0088942,0.6236547
-0.3601802,1.0188841,0.62351394
-0.35810232,1.0289613,0.6233243
-0.35607553,1.0390935,0.62320554
-0.35362595,1.0491998,0.623084
-0.3504668,1.0610597,0.62299746
-0.3474557,1.0710621,0.62280494
-0.344378,1.0809481,0.6226061
-0.3411152,1.0906323,0.62247854
-0.3377132,1.1001412,0.62246376
-0.32944494,1.1202612,0.62257415
-0.32526723,1.1290925,0.6226571
-0.3208194,1.1377335,0.6227796
-0.3154384,1.1478556,0.6230632
-0.3104466,1.1562343,0.6232627
-0.3052405,1.1644838,0.6234217
-0.30003777,1.1725941,0.62364686
-0.2934324,1.1818658,0.62405366
-0.28763232,1.1895068,0.6244107
-0.28176668,1.1970274,0.6248347
-0.27573657,1.2042503,0.6253444
-0.2681629,1.2123964,0.62602544
-0.26152802,1.2189355,0.62648064
-0.25487036,1.2252812,0.62703663
-0.24785048,1.2313308,0.62755126
-0.24058035,1.2371075,0.6280098
-0.23190373,1.2436992,0.6285624
-0.22447827,1.2489611,0.62898797
-0.21683311,1.2539448,0.62937164
-0.20889442,1.2586651,0.6297001
-0.20113376,1.2632513,0.63005257
-0.18369715,1.2725668,0.6308852
-0.17534223,1.2765598,0.631194
-0.16688111,1.280333,0.6315081
-0.14747141,1.2880172,0.6322054
-0.13862823,1.2910937,0.63239855
-0.12966543,1.2939295,0.6325831
-0.12059049,1.2965078,0.632752
-0.11171035,1.2989088,0.63286304
-0.10120461,1.3015103,0.63303536
-0.09206642,1.3034656,0.6331478
-0.08269617,1.3051771,0.6332134
-0.073397614,1.306706,0.633253
-0.06415154,1.308085,0.63333845
-0.053232476,1.309531,0.63351375
-0.04373294,1.3104483,0.63366354
-0.034236282,1.3112034,0.6337711
-0.024777092,1.3117833,0.6339148
-0.013526537,1.3122711,0.6342287
0.005330505,1.3123436,0.6346924
0.0147695225,1.3120514,0.63495094
0.026012817,1.3114306,0.6353043
0.03539376,1.3106182,0.63560903
0.044541754,1.3096012,0.6358649
0.053831156,1.3082587,0.63624847
0.06304067,1.3067394,0.63655
0.07373433,1.3046551,0.6370749
0.08276685,1.3025929,0.6374762
0.091666274,1.3002433,0.6379765
0.10046767,1.2976701,0.63847184
0.11068846,1.2943622,0.6391889
0.1193614,1.2912623,0.6398317
0.12790126,1.2879145,0.6405323
0.13623023,1.2843208,0.6412261
0.14443983,1.2805628,0.6419246
0.15401042,1.2758578,0.64269745
0.16190852,1.2715976,0.64325225
0.16980934,1.2670814,0.6437292
0.17768632,1.2622238,0.64410454
0.18683212,1.2562448,0.64439917
0.19450098,1.2508717,0.6444928
0.20199516,1.2452374,0.64447993
0.20934038,1.2393289,0.6443063
0.2181327,1.2321306,0.6440924
0.22546154,1.2257118,0.64378333
0.23265111,1.2191403,0.6433569
0.23957792,1.2123419,0.6429059
0.24646026,1.2054054,0.6424112
0.2543596,1.1971109,0.64186454
0.2609142,1.1898075,0.6413144
0.267134,1.1823481,0.6406884
0.2732155,1.1746794,0.6400226
0.27905834,1.1668957,0.63935983
0.28559515,1.1576184,0.6386273
0.29624665,1.1410335,0.63720536
0.30121383,1.1325351,0.63642746
0.30679673,1.1223783,0.6356587
0.3115706,1.1135131,0.6351023
0.31624448,1.104535,0.6346029
0.32070595,1.0954753,0.63415945
0.32569876,1.0847338,0.6338214
0.32973653,1.0754246,0.6335904
0.33349726,1.0661323,0.6333622
0.33703178,1.0567623,0.6332226
0.34026518,1.047359,0.6331375
0.3436779,1.0362818,0.6331189
0.34616473,1.0268135,0.6330356
0.3485156,1.0173062,0.63309115
0.35063368,1.0077268,0.6331372
0.3525576,0.9966088,0.6331742
0.35398597,0.987075,0.63322765
0.3553473,0.9774908,0.6333131
0.3564439,0.96796364,0.6334159
0.35731265,0.958533,0.6334916
0.35801163,0.9475127,0.63359827
0.35833913,0.9381553,0.63365966
0.358416,0.92883927,0.63373256
0.3582983,0.91954094,0.6338232
0.35770276,0.90879476,0.63389754
0.3568134,0.8996254,0.6337985
0.35565248,0.89047927,0.63373846
0.35432222,0.88137865,0.6337171
0.35251203,0.8723209,0.6335618
0.3500104,0.86179125,0.63344574
0.34778452,0.8528291,0.63337755
0.34528685,0.84397537,0.63321686
0.34242952,0.8352049,0.63300115
0.3388987,0.82497084,0.6328127
0.3356853,0.81627965,0.6325763
0.3322589,0.80770993,0.6323365
0.32863668,0.7991991,0.6319914
0.32468554,0.7908003,0.6316466
0.3197809,0.78100497,0.63129944
0.3153903,0.77259874,0.6308665
0.3107601,0.76425195,0.6304641
0.3058808,0.75599426,0.6299799
0.2998613,0.7464075,0.6294476
0.2944726,0.7383329,0.6288606
0.28885886,0.73036575,0.6282847
0.2831222,0.72248226,0.62768406
0.27609524,0.7133898,0.6270624
0.26993948,0.7055427,0.62641734
0.26357153,0.69787544,0.625807
0.2570359,0.69031036,0.62517285
0.2503453,0.68291885,0.6245452
0.24220248,0.6743685,0.62389743
0.23507133,0.6671495,0.62321275
0.22771846,0.6600853,0.62259144
0.22019036,0.6531211,0.6219509
0.21108623,0.6451837,0.6213954
0.20313978,0.6386395,0.6208754
0.19494642,0.6322659,0.6204237
0.18665178,0.6260639,0.620084
0.17814144,0.62005585,0.6198105
0.16798435,0.6133429,0.6196964
0.15928864,0.6077655,0.6196382
0.15053421,0.6024632,0.61965394
0.14166522,0.59746933,0.61972046
0.13107304,0.59200716,0.62003005
0.12200383,0.58757687,0.6203535
0.11295452,0.58340126,0.62079084
0.10386724,0.5795431,0.6211915
0.09457689,0.57610303,0.6216244
0.08352929,0.57250303,0.62225866
0.0740855,0.56967574,0.6227317
0.06456564,0.5671851,0.6231884
0.054989673,0.56492114,0.623586
0.04369401,0.56275135,0.6241555
0.033434954,0.5610936,0.6245493
0.023599893,0.55980086,0.62481445
0.013698258,0.55882376,0.62504834
0.003856965,0.55818045,0.62526315
-0.005978863,0.55783415,0.6254277
-0.017413482,0.55784786,0.6256855
-0.02710296,0.55823475,0.625784
-0.03695626,0.5590054,0.6258032
-0.0465509,0.56005585,0.6258798
-0.057786487,0.56168354,0.62589455
-0.06753579,0.56342757,0.6257665
-0.0772741,0.5654636,0.6255472
-0.0867767,0.56778926,0.62525696
-0.096398115,0.5703334,0.6248893
-0.10760059,0.5736335,0.6244864
-0.11712436,0.5767199,0.62400836
-0.12673034,0.5801257,0.62347126
-0.13597077,0.5837734,0.62294716
-0.14666796,0.58832526,0.62231785
-0.15576482,0.5924735,0.62166905
-0.16474554,0.59680367,0.62102807
-0.1824012,0.606167,0.61968374
-0.19289814,0.61219805,0.6189201
-0.20153394,0.6175173,0.61828375
-0.20980234,0.6229675,0.617673
-0.21816829,0.6286981,0.6170307
-0.22788933,0.63572794,0.6163963
-0.23599233,0.6418546,0.61585426
-0.24385785,0.6480753,0.61533123
-0.25152138,0.6544867,0.61489064
-0.2591256,0.66105694,0.6145445
-0.26779464,0.6689423,0.6142968
-0.27501267,0.6757622,0.6140839
-0.2818325,0.6827158,0.61386687
-0.28820276,0.68975484,0.61363405
-0.29557082,0.69816715,0.6134877
-0.3016654,0.70555145,0.6133849
-0.31380397,0.7210735,0.61339134
-0.3193721,0.72908473,0.6133619
-0.3256145,0.7387166,0.61343503
-0.33065903,0.7471313,0.6134301
-0.33551073,0.7557386,0.613451
-0.3401755,0.76436895,0.61350065
-0.3453697,0.7746323,0.6136182
-0.34937876,0.7835019,0.6136104
-0.35324293,0.7924108,0.613602
-0.35694316,0.8014637,0.6136633
-0.3610031,0.81220514,0.61379546
-0.36408353,0.82149,0.613777
-0.3669903,0.83087724,0.6137799
-0.37233636,0.8500996,0.6137382
-0.37498575,0.8615771,0.61367416
-0.37705553,0.8714861,0.6136185
-0.37880138,0.88158506,0.61352664
-0.38009188,0.8917807,0.6133265
-0.38121724,0.90205866,0.6131375
-0.38231656,0.9142621,0.6130186
-0.3830033,0.9247088,0.61294216
-0.38347483,0.93515253,0.6128977
-0.38393873,0.945636,0.6129614
-0.38417333,0.9580182,0.61313486
-0.38400948,0.9685781,0.6131513
-0.38375625,0.9790941,0.6131635
-0.38322818,0.989586,0.6132144
-0.3822759,1.0018312,0.61330694
-0.38114536,1.0122025,0.6134121
-0.37969378,1.0225292,0.6135204
-0.37625414,1.043088,0.61378324
-0.37356853,1.0550044,0.6139105
-0.37111548,1.0650886,0.61398077
-0.36863413,1.0751089,0.6140642
-0.36594704,1.0850358,0.6141986
-0.3624234,1.096576,0.61441886
-0.3591299,1.1063336,0.61460966
-0.3557058,1.1160101,0.6148308
-0.35232142,1.1255493,0.6151496
-0.3485249,1.1349522,0.615428
-0.34367564,1.1457609,0.615757
-0.33921164,1.1548017,0.61597234
-0.3344153,1.1636131,0.61608994
-0.32947636,1.1721797,0.61616313
-0.32347903,1.1818577,0.6162973
-0.31805882,1.1898675,0.61632144
-0.3122608,1.1976618,0.6162951
-0.3064557,1.2052866,0.61631906
-0.29337975,1.2214104,0.6165739
-0.28702214,1.2285898,0.61675745
-0.28032622,1.2356493,0.6169641
-0.27362368,1.2425575,0.6172303
-0.26559854,1.250368,0.6175885
-0.2584834,1.2567309,0.6179059
-0.25107056,1.2628886,0.61815023
-0.2433037,1.2688105,0.6183059
-0.23400074,1.2753749,0.61843115
-0.22590119,1.2806512,0.6185397
-0.21774559,1.2856696,0.6186248
-0.20935626,1.2904264,0.61867845
-0.20074114,1.2949687,0.6187239
-0.19048637,1.3000383,0.61880255
-0.18165228,1.3041279,0.6188689
-0.17297398,1.3079965,0.6190075
-0.16395772,1.3116628,0.6191968
-0.1549225,1.3152224,0.6194062
-0.14422338,1.3191099,0.619692
-0.13499343,1.3221338,0.6200271
-0.12559035,1.3249505,0.6203692
-0.11615616,1.3275802,0.62070155
-0.09528687,1.3323039,0.62139297
-0.085526936,1.3341129,0.6216672
-0.076021165,1.3357271,0.6219715
-0.06465031,1.3372997,0.62234
-0.054884177,1.3384364,0.6226466
-0.045182172,1.3394103,0.62291783
-0.035665933,1.340178,0.62321675
-0.026098438,1.3407171,0.62348515
-0.014861401,1.3410867,0.62377703
-0.0051870504,1.3411456,0.62408155
0.0042044185,1.3411275,0.6243623
0.013762281,1.3408309,0.6247186
0.025019545,1.3401363,0.62509096
0.044092894,1.3385038,0.62592745
0.053193055,1.3374333,0.62637883
0.062123362,1.3360714,0.6268849
0.070981026,1.3344014,0.627417
0.08134453,1.3321245,0.6281329
0.090035245,1.3299521,0.628782
0.098779194,1.3275319,0.62943774
0.10756442,1.3248364,0.6301507
0.116260156,1.321857,0.6308126
0.1262348,1.3180612,0.6317021
0.1347362,1.3146079,0.6324558
0.14296296,1.3108704,0.63311434
0.15092357,1.3068422,0.6337256
0.16033785,1.3018031,0.63433313
0.16826208,1.2972423,0.6347542
0.18349828,1.2875866,0.6353719
0.1910712,1.2824465,0.63556045
0.19983213,1.2760863,0.6355433
0.20719409,1.2703921,0.6353728
0.21448827,1.2644607,0.63509846
0.22157615,1.2583348,0.63473547
0.2298634,1.250826,0.6342052
0.23682359,1.2441502,0.6336404
0.25053626,1.2299306,0.6322871
0.2571229,1.2225274,0.631627
0.26471776,1.2135712,0.63081145
0.27082503,1.2057683,0.63014454
0.27687162,1.1977245,0.6295559
0.28281,1.1895077,0.628991
0.28959638,1.17964,0.62842107
0.29512364,1.1710985,0.62800527
0.30028835,1.16242,0.62762153
0.3053859,1.1534996,0.6273184
0.31112936,1.1427923,0.62696415
0.3157139,1.1335093,0.6267268
0.3202091,1.1240039,0.6266262
0.32449073,1.114386,0.6264913
0.32841924,1.1046478,0.6264511
0.3328224,1.0931201,0.62654805
0.33639944,1.0831718,0.62668806
0.3397178,1.0731571,0.6268771
0.34276232,1.0632834,0.6271478
0.34601074,1.0517861,0.62755513
0.34850737,1.0419607,0.6279237
0.3507385,1.0321288,0.62825274
0.35265747,1.0222898,0.6286001
0.35424232,1.0124453,0.6288535
0.35580215,1.0009047,0.6291242
0.35693768,0.99105203,0.6292905
0.35764474,0.98119944,0.629233
0.358161,0.9713393,0.6292241
0.35852042,0.9598105,0.62907547
0.35842216,0.95004964,0.6288683
0.35816723,0.94032496,0.6285941
0.35769078,0.9306869,0.62830967
0.35683766,0.92119914,0.6279867
0.35558027,0.91030306,0.62759507
0.35428655,0.9011127,0.6272437
0.35265803,0.8920831,0.626773
0.35067,0.8830881,0.6262871
0.3480939,0.8726349,0.6256494
0.3455131,0.863795,0.6250546
0.33958313,0.846233,0.6238254
0.33606985,0.83751917,0.62314355
0.33162224,0.82742405,0.6224515
0.32776392,0.81881416,0.62187755
0.32348657,0.810437,0.621191
0.3189849,0.8021027,0.6205786
0.31349412,0.79243064,0.61982554
0.30852818,0.7842897,0.61922914
0.3033602,0.77629715,0.6186733
0.2980093,0.76834613,0.6181587
0.29249382,0.76045996,0.6176379
0.28569773,0.7513777,0.6171929
0.27972898,0.74371004,0.6168151
0.2735471,0.73614365,0.6164436
0.26721326,0.7287008,0.61616135
0.25952476,0.7199672,0.6158644
0.25272024,0.7126012,0.61578405
0.23862274,0.6982104,0.6156921
0.23005961,0.69004506,0.6156906
0.22256409,0.6832387,0.6157086
0.20716976,0.6699252,0.6159253
0.19923581,0.66345376,0.61609507
0.18978353,0.6561625,0.6163749
0.18170054,0.6500377,0.61660683
0.1736157,0.6440369,0.61688346
0.16539676,0.6382689,0.6172205
0.15718703,0.6326851,0.61758894
0.14742969,0.62653947,0.6180697
0.13910365,0.6214336,0.6184031
0.13065788,0.61663735,0.6187652
0.12203022,0.6120229,0.6190631
0.111729905,0.6070357,0.6194342
0.10292789,0.6030115,0.6197801
0.094052814,0.5991881,0.6200895
0.08495384,0.5956675,0.62034935
0.07442675,0.5918381,0.6207429
0.056280386,0.5860907,0.62137014
0.047040813,0.58365554,0.6216243
0.037765298,0.58158636,0.6219174
0.02676679,0.57962066,0.62228453
0.01722364,0.5782196,0.622547
0.0078132525,0.577147,0.62289155
-0.0017143076,0.5765181,0.6231446
-0.013240332,0.576272,0.6234321
-0.023054779,0.5763976,0.6236573
-0.032908756,0.57684505,0.6238311
-0.04258168,0.57767284,0.62399757
-0.052253358,0.57872266,0.6240735
-0.06371405,0.58041686,0.6241745
-0.07333866,0.5821136,0.6241122
-0.082976855,0.5840324,0.62398434
-0.09267747,0.58627856,0.6237458
-0.11382141,0.59208494,0.62298477
-0.1232378,0.5950693,0.62254524
-0.1328354,0.5984153,0.62197447
-0.14242269,0.6020353,0.6213379
-0.15358382,0.6066228,0.6205493
-0.16328022,0.6109543,0.6198332
-0.17221597,0.615193,0.6190794
-0.18134841,0.61967874,0.6182958
-0.19026075,0.62442315,0.6175102
-0.19881059,0.6293615,0.6166419
-0.2087294,0.63543177,0.61564374
-0.21695435,0.64077014,0.6147353
-0.22508103,0.64628947,0.61384577
-0.23328355,0.6520406,0.6130254
-0.24266282,0.6591182,0.61212176
-0.2504957,0.66531754,0.61131895
-0.25804165,0.67166084,0.6104857
-0.26516291,0.6781556,0.6096509
-0.27326667,0.68602633,0.60876715
-0.27998072,0.6928719,0.60804164
-0.2864496,0.69995344,0.60735404
-0.29273444,0.70720977,0.60669243
-0.29872867,0.7146072,0.60604936
-0.30557966,0.72349346,0.60538423
-0.31109768,0.7311932,0.60478693
-0.32153335,0.7468569,0.60374683
-0.32741493,0.7562696,0.60335773
-0.33201122,0.7644238,0.6030243
-0.3364461,0.7727022,0.60280854
-0.34079337,0.78114855,0.60262823
-0.34500542,0.7898511,0.60246146
-0.3495997,0.8002087,0.60231185
-0.35326526,0.8091694,0.6022178
-0.35656536,0.8182965,0.6021051
-0.35947427,0.8275873,0.6019324
-0.36268294,0.8385851,0.60177374
-0.36526373,0.8479991,0.6016573
-0.36750892,0.85751164,0.60151225
-0.36969134,0.8671247,0.60140496
-0.37206888,0.8784542,0.6013812
-0.3738822,0.88813466,0.60144997
-0.37544453,0.89791703,0.6014841
-0.37692922,0.9078415,0.6015308
-0.37802076,0.9179348,0.60153586
-0.37897083,0.9298703,0.6015101
-0.3794601,0.9401151,0.60143596
-0.37948424,0.9503582,0.6013181
-0.37939048,0.9605704,0.60122746
-0.37913507,0.97254694,0.60121065
-0.37859172,0.9827131,0.60120064
-0.37798488,0.99295175,0.6012619
-0.37726632,1.0032574,0.60137546
-0.37609443,1.0136099,0.6014307
-0.37453023,1.0256807,0.60151255
-0.37292442,1.035918,0.60153866
-0.37082946,1.0461055,0.6014805
-0.3686142,1.0562351,0.6014633
-0.36573252,1.068004,0.601557
-0.3629595,1.0779663,0.6016162
-0.3602338,1.0879115,0.6017882
-0.3538933,1.1076589,0.6021501
-0.34982574,1.1190284,0.6024106
-0.34586695,1.1286093,0.60257375
-0.3415675,1.1380463,0.60269415
-0.33706024,1.1472999,0.60278505
-0.33169398,1.1580011,0.6030451
-0.32683584,1.1669197,0.60319126
-0.32193303,1.1756847,0.6034647
-0.31692162,1.1842594,0.60379344
-0.31147859,1.1926446,0.6040482
-0.30497614,1.2021931,0.6044178
-0.2990608,1.2101215,0.6046905
-0.2928674,1.2178241,0.6049427
-0.28669804,1.2253157,0.60521036
-0.27905878,1.2338043,0.6055352
-0.2724203,1.2408125,0.60576105
-0.26573431,1.2476629,0.60595834
-0.2587967,1.2542167,0.6061697
-0.2516335,1.2605765,0.6063098
-0.24295415,1.2676882,0.6064722
-0.23519316,1.273404,0.6065853
-0.22732037,1.2788558,0.606676
-0.2194016,1.2841147,0.60674036
-0.20987366,1.2899562,0.6067885
-0.20160726,1.2946135,0.6068253
-0.19310859,1.2989546,0.6068516
-0.1846304,1.3030399,0.60686517
-0.17463267,1.3075383,0.60688376
-0.16598332,1.3110696,0.6068828
-0.15686388,1.3143293,0.60681754
-0.14775303,1.3173822,0.6067213
-0.13876924,1.3202559,0.6066623
-0.12799452,1.3233626,0.60658795
-0.118512355,1.325773,0.60652834
-0.10917372,1.3280667,0.6063957
-0.09976417,1.3301729,0.60631603
-0.09008067,1.3320346,0.60618883
-0.078759484,1.3340458,0.6059595
-0.0691049,1.3354758,0.60575455
-0.05957748,1.3367659,0.6055341
-0.049785312,1.3378627,0.60537106
-0.03833702,1.3388724,0.60519445
-0.028569762,1.3395675,0.60496396
-0.018782344,1.3399454,0.604849
-0.009262786,1.3400934,0.6047429
0.0020083715,1.3399701,0.6046916
0.0114004975,1.33967,0.6046995
0.020705318,1.3392717,0.60472775
0.030067148,1.3385991,0.60486835
0.039357398,1.3378183,0.6050123
0.050148197,1.3366166,0.6052644
0.059415907,1.3353082,0.60559404
0.06857695,1.3337185,0.6059621
0.07773899,1.3319013,0.6064051
0.08844818,1.3293546,0.60703886
0.09740994,1.3269191,0.60756135
0.1151801,1.3213296,0.6085848
0.123986095,1.3181597,0.6090792
0.13429238,1.3141767,0.60960513
0.14297363,1.3105253,0.6100192
0.15140587,1.3067564,0.6103646
0.15956874,1.3027653,0.6106852
0.1690985,1.2977467,0.6109763
0.17713231,1.2932643,0.61112016
0.18515857,1.2885356,0.61110663
0.20189972,1.2775955,0.61073476
0.20939754,1.2721531,0.6103952
0.21741773,1.2660122,0.6098817
0.22475871,1.2600164,0.6092595
0.23198037,1.2537628,0.60865146
0.23919436,1.2472721,0.6080087
0.24633518,1.2405044,0.60734814
0.25462914,1.2322689,0.6066713
0.26147616,1.2250645,0.6061522
0.26795295,1.2177701,0.60570514
0.2743079,1.2102628,0.6053402
0.28163776,1.2012185,0.60501075
0.2874647,1.1933931,0.6047365
0.2928339,1.1854383,0.6045148
0.29813847,1.1772455,0.6044211
0.3041634,1.1675042,0.6044844
0.30896983,1.1590277,0.6045796
0.3135202,1.1503805,0.6046391
0.31792656,1.1415348,0.6047547
0.3268418,1.1220526,0.6051011
0.33064118,1.1128817,0.605291
0.33431932,1.1035434,0.60556304
0.33784327,1.094232,0.60588574
0.34151852,1.0832433,0.6063034
0.34438974,1.0737699,0.6066117
0.34693775,1.0642616,0.60688525
0.34925717,1.0546819,0.6071524
0.3512708,1.0449628,0.60736996
0.35325676,1.033549,0.6075521
0.3544748,1.0237778,0.6076259
0.35560262,1.0139663,0.60777575
0.356549,1.0042267,0.6079144
0.35737607,0.9928758,0.6080342
0.35782358,0.9831438,0.6081225
0.35818732,0.97342217,0.60824627
0.3582112,0.96379614,0.6083123
0.35788283,0.9525908,0.6082143
0.35736114,0.9430281,0.60813946
0.3555643,0.92405844,0.60781616
0.35439232,0.91454077,0.6076404
0.35270473,0.90345955,0.60744506
0.35075492,0.8940128,0.60706985
0.34853637,0.884592,0.6066727
0.34621257,0.8751048,0.6062824
0.343104,0.8640657,0.6058378
0.3401819,0.85467434,0.60535526
0.33701485,0.8454016,0.6048733
0.33361077,0.83627933,0.60438377
0.3300526,0.8272043,0.6039103
0.3256291,0.8167355,0.60339844
0.32173002,0.80785084,0.60302615
0.3175809,0.79907393,0.60267025
0.3131856,0.7903757,0.6022895
0.30772007,0.78029203,0.6017915
0.30278367,0.7717641,0.6014944
0.2976436,0.76326233,0.60116804
0.29213282,0.7548698,0.6008834
0.28651127,0.7465261,0.60069376
0.2796263,0.73687756,0.60056216
0.26710427,0.7203883,0.6002577
0.26057023,0.7123666,0.6000954
0.25281528,0.7031741,0.59988207
0.24602696,0.6955046,0.59965277
0.23905864,0.6880089,0.59946704
0.23181862,0.68067956,0.5992926
0.22312841,0.67231184,0.5991669
0.2155481,0.66530156,0.59912205
0.2078194,0.65854084,0.5991392
0.19987103,0.6519861,0.59921694
0.19181101,0.6455836,0.5994059
0.18215019,0.6384863,0.5997345
0.1737061,0.6326188,0.6000217
0.16507605,0.62695384,0.6003981
0.15627596,0.6215941,0.60085595
0.14579067,0.6156383,0.6014459
0.12757461,0.6064847,0.6025143
0.118309,0.60244364,0.6030208
0.1090628,0.5986493,0.60352427
0.0981927,0.5945675,0.6040778
0.08881239,0.5913403,0.6044458
0.079257265,0.58844465,0.60481894
0.069693305,0.58583575,0.60516137
0.05850287,0.5831485,0.6055767
0.048898958,0.58121437,0.6058836
0.039019335,0.57967126,0.60608375
0.029077968,0.57840824,0.60632
0.0193053,0.57748395,0.6065697
0.007726155,0.5768812,0.60683054
-0.0024130086,0.5767719,0.6069757
-0.012563617,0.57692736,0.6071972
-0.022601562,0.5773793,0.6073786
-0.04448781,0.57944256,0.6074541
-0.054596942,0.5808749,0.6073317
-0.064543985,0.5825202,0.6071361
-0.07598353,0.58472854,0.60682184
-0.085718416,0.58690864,0.6063615
-0.09548211,0.58933216,0.60575485
-0.10515463,0.591993,0.6050594
-0.114955835,0.5949082,0.6042282
-0.12650724,0.5986287,0.603165
-0.13612144,0.60205406,0.60223025
-0.14539284,0.6056918,0.601237
-0.15490746,0.6096055,0.60019284
-0.16609049,0.6144802,0.59903234
-0.17548178,0.6188661,0.5980769
-0.18455066,0.6234328,0.5972018
-0.1932499,0.62822884,0.59630793
-0.21158482,0.63923776,0.5944079
-0.21976613,0.64456546,0.5936318
-0.22796734,0.6500655,0.5929607
-0.23624083,0.65576667,0.5923871
-0.24571855,0.6626815,0.59175503
-0.25364754,0.6688103,0.5912465
-0.26126474,0.6751117,0.59074223
-0.2683873,0.6815802,0.5902491
-0.27652124,0.68935907,0.5897869
-0.2832942,0.6962212,0.5894797
-0.2900165,0.7032735,0.58923125
-0.29645994,0.7104824,0.5890656
-0.30255166,0.7178999,0.5889685
-0.31513196,0.73463494,0.5889669
-0.3203608,0.7420664,0.5890484
-0.32684252,0.7514823,0.58930814
-0.33220997,0.75968754,0.5895243
-0.33731055,0.7680225,0.5897704
-0.34222996,0.77646524,0.5900244
-0.34707522,0.78500676,0.5902754
-0.352461,0.7951995,0.5905702
-0.35670984,0.8041049,0.590819
-0.360443,0.81313527,0.5910538
-0.36417353,0.8223702,0.59126127
-0.3682783,0.8333917,0.5914845
-0.3714489,0.84298223,0.5916147
-0.37423542,0.85274655,0.591669
-0.37686372,0.86256933,0.59170747
-0.37971714,0.8742077,0.59178203
-0.38192758,0.8843339,0.5918215
-0.38390663,0.89450765,0.5917967
-0.38748413,0.9150261,0.5918308
-0.3890481,0.9270972,0.5917933
-0.39021626,0.9375659,0.5918114
-0.39108133,0.9481211,0.5918573
-0.3918031,0.958706,0.5918825
-0.3921916,0.971131,0.59192383
-0.3922177,0.98186547,0.59196675
-0.39176247,0.9925965,0.59193105
-0.3911379,1.0033541,0.5918673
-0.3903271,1.014078,0.5917879
-0.38902888,1.0265723,0.59172744
-0.3876148,1.0372815,0.59166515
-0.3859982,1.0479449,0.59162015
-0.38405278,1.0584912,0.59154606
-0.38158518,1.0707701,0.5915054
-0.379318,1.0812415,0.59151274
-0.37413007,1.1016617,0.59163135
-0.37122846,1.1116353,0.59170604
-0.367536,1.1232259,0.5917953
-0.36406845,1.1329916,0.5919221
-0.3601685,1.1425523,0.59202516
-0.3560298,1.1520087,0.59211093
-0.35090825,1.1629251,0.5922053
-0.3462725,1.1721942,0.5923025
-0.3412098,1.1812061,0.5923591
-0.33607432,1.1900672,0.5924291
-0.32988974,1.200117,0.5925045
-0.32438165,1.2085309,0.5926256
-0.3184861,1.2167432,0.5926212
-0.31244853,1.2247832,0.59263873
-0.30617717,1.2326158,0.5927109
-0.29863095,1.2414504,0.5928278
-0.292079,1.2487483,0.59297127
-0.28518587,1.2557576,0.5930895
-0.27811274,1.2624825,0.5931971
-0.2697525,1.2699554,0.5933214
-0.2623559,1.2761441,0.5934576
-0.24724273,1.2877594,0.5937609
-0.23930167,1.2932358,0.5938723
-0.22996166,1.2994969,0.5939327
-0.22190572,1.3046488,0.594075
-0.21357001,1.3095922,0.59417194
-0.20513263,1.3143247,0.59431106
-0.19482036,1.3195053,0.59438914
-0.18595147,1.3236715,0.5943761
-0.17703293,1.327647,0.59436363
-0.16783549,1.3313044,0.59430426
-0.15859503,1.334649,0.5941866
-0.14760806,1.3382427,0.5940236
-0.13834395,1.3411461,0.59397095
-0.12924545,1.3438168,0.59396434
-0.11998391,1.3462824,0.59393394
-0.108950555,1.3489182,0.59381807
-0.099396706,1.3509884,0.5936833
-0.08048404,1.354647,0.59343296
-0.07088167,1.3561972,0.59336865
-0.05954804,1.357803,0.5932593
-0.04980201,1.3589739,0.59316534
-0.03997778,1.3598387,0.5931532
-0.030075956,1.3605394,0.59314114
-0.018453278,1.3610929,0.59308755
-0.008856121,1.3613465,0.5931639
0.0006402048,1.3613927,0.59323287
0.0103426725,1.361215,0.5933864
0.021671668,1.3607275,0.5934481
0.031268947,1.3600285,0.59364337
0.040612515,1.3590817,0.59381175
0.049851526,1.3579043,0.5941112
0.05925649,1.3564458,0.59439343
0.07016835,1.354395,0.59481806
0.07938268,1.3524485,0.5952106
0.09767813,1.347681,0.5962104
0.10830267,1.3443094,0.59689087
0.117187686,1.3412412,0.5975092
0.12609312,1.3378584,0.5981509
0.1347973,1.3342148,0.59879315
0.14353815,1.3303274,0.5994414
0.15362866,1.325344,0.6001256
0.16208903,1.3208908,0.6006524
0.17054105,1.3161864,0.6011774
0.17889841,1.3112262,0.6015732
0.18857415,1.3050383,0.6020004
0.19667478,1.2996088,0.6022998
0.20446262,1.29399,0.6024814
0.21227948,1.288052,0.6025996
0.21994467,1.281903,0.6026597
0.23577891,1.2677729,0.60260075
0.2429901,1.2608485,0.60249156
0.24980436,1.2537861,0.6022945
0.2575336,1.2452567,0.6019541
0.26417273,1.237726,0.60172576
0.2706339,1.2300031,0.6013335
0.2769711,1.222186,0.6009517
0.28317848,1.2142475,0.60054785
0.29028258,1.2048556,0.6000871
0.29595673,1.1967441,0.59961724
0.30141503,1.1884599,0.59921944
0.3067515,1.1800935,0.5987795
0.31273252,1.1701005,0.59826916
0.3175628,1.1614511,0.59791154
0.322162,1.1525743,0.59754664
0.3263546,1.1436424,0.5971956
0.33093017,1.1329868,0.5967276
0.33454058,1.1237857,0.5964033
0.33825615,1.1139663,0.5961099
0.34157336,1.1045572,0.59580195
0.34713617,1.0856993,0.59509784
0.35018548,1.0745628,0.59468144
0.35245565,1.0650709,0.59426886
0.35435107,1.0556203,0.5938722
0.35608065,1.0461763,0.59349495
0.35773447,1.036723,0.5931807
0.35924053,1.0257422,0.59278554
0.36019602,1.0163562,0.59249866
0.36085424,1.006872,0.59214824
0.36115193,0.9973644,0.5918479
0.36132938,0.98613626,0.5915423
0.36116257,0.9765536,0.59123826
0.36064813,0.96687853,0.5908407
0.35973686,0.9572262,0.5903618
0.35854292,0.9459585,0.58998466
0.35731524,0.9363958,0.58958554
0.35403863,0.91735965,0.58865386
0.35208616,0.90801513,0.58822376
0.34947124,0.8971846,0.5876586
0.34699193,0.8879414,0.5871569
0.34430963,0.8787067,0.58663803
0.34139532,0.8695412,0.586146
0.33835647,0.86035836,0.58569306
0.3344628,0.84972084,0.5851814
0.33063644,0.8407426,0.58463216
0.3266424,0.8316962,0.5841505
0.32251957,0.82261115,0.5837359
0.31727657,0.8120901,0.5831413
0.31253886,0.8031683,0.5826453
0.30777565,0.7941673,0.582276
0.30274215,0.7852788,0.5819413
0.29654804,0.7749396,0.5816443
0.29109958,0.76612335,0.581417
0.28546143,0.75741345,0.58127195
0.27957153,0.7488665,0.5812089
0.2735019,0.74049956,0.58122575
0.2661975,0.73096746,0.58129716
0.25314546,0.71508706,0.58162975
0.24632284,0.70739716,0.58185035
0.23815872,0.6984826,0.5821538
0.23105629,0.69103,0.58234674
0.22375564,0.6836665,0.5825724
0.21639636,0.67649794,0.5827939
0.20881356,0.6695076,0.5830291
0.19982429,0.6614634,0.58328444
0.19196366,0.6548529,0.5834864
0.18399492,0.64838916,0.58366513
0.17584306,0.64219666,0.58382887
0.16608003,0.6352473,0.5840699
0.157673,0.62952876,0.5842627
0.14906782,0.6241116,0.58445716
0.14038697,0.61902183,0.5846289
0.13159601,0.614176,0.58478767
0.11206116,0.6047273,0.5851352
0.10288227,0.6008553,0.58527386
0.09362205,0.59736097,0.5853616
0.08253154,0.5938536,0.5854648
0.07305889,0.5912022,0.5855989
0.06358958,0.58885825,0.58580774
0.05390758,0.5869439,0.58592594
0.044308398,0.58537686,0.5861003
0.033062205,0.5839488,0.58636385
0.023261404,0.58306724,0.586558
0.013330339,0.5824397,0.58669627
0.003424306,0.58213615,0.586834
-0.008108286,0.58217216,0.586948
-0.017925365,0.58247226,0.5869319
-0.027786013,0.5830443,0.58682024
-0.037593737,0.5839081,0.5865929
-0.058917243,0.5869105,0.5858933
-0.06883443,0.5887991,0.58537555
-0.07850762,0.5909432,0.58480686
-0.08823328,0.5933371,0.5840963
-0.09969796,0.5965073,0.5831939
-0.10937164,0.5994848,0.58237296
-0.13974285,0.61047834,0.57951385
-0.15809381,0.6183521,0.57755345
-0.16748092,0.62263805,0.57653326
-0.176682,0.6271365,0.5755554
-0.18726036,0.63263446,0.5744473
-0.19592318,0.6375167,0.57345915
-0.204377,0.6426095,0.57243097
-0.21285188,0.64785814,0.57137054
-0.22262606,0.65422714,0.57022583
-0.23074843,0.6598445,0.56923527
-0.23862267,0.66565484,0.5682886
-0.24613848,0.67159927,0.5674496
-0.2535774,0.67767376,0.5667458
-0.26225257,0.6850339,0.56610245
-0.26940164,0.6915427,0.56563437
-0.27653384,0.69829565,0.5653128
-0.2834385,0.70524275,0.56504285
-0.2911844,0.7135366,0.5647653
-0.29758358,0.72072953,0.56453377
-0.3094961,0.7354768,0.5641109
-0.3151141,0.7429777,0.56400216
-0.3214678,0.7519094,0.5639298
-0.32654628,0.75969046,0.56392986
-0.33139586,0.76759684,0.56396335
-0.33611578,0.7757128,0.56404877
-0.34145042,0.7854309,0.56413954
-0.34582052,0.7939236,0.5642411
-0.3497704,0.8025873,0.564256
-0.3533354,0.81130785,0.56422853
-0.357297,0.82169354,0.5642088
-0.36042342,0.83064103,0.56417817
-0.3634671,0.8397325,0.5641937
-0.36648044,0.8490363,0.5642327
-0.36924395,0.85847604,0.56428295
-0.37194598,0.8696799,0.5642415
-0.37404528,0.87935835,0.5641862
-0.37600374,0.8891889,0.56408405
-0.37773305,0.899188,0.5640084
-0.37935686,0.91098773,0.5638972
-0.38150984,0.9320119,0.56369275
-0.38205507,0.94242954,0.563478
-0.38245073,0.9529739,0.5632702
-0.38249582,0.96358526,0.56299055
-0.3822633,0.9760196,0.5626378
-0.3820245,0.98664445,0.56247354
-0.38158727,0.997333,0.5623748
-0.38084957,1.0080616,0.562257
-0.37985125,1.018744,0.56207746
-0.37847355,1.0312235,0.5619021
-0.37682348,1.0419108,0.56171566
-0.37488642,1.0525395,0.56150997
-0.3728865,1.0630822,0.56139284
-0.3702081,1.0754131,0.5612867
-0.36765352,1.0859324,0.56118256
-0.36472085,1.0963777,0.56108266
-0.36136863,1.1066744,0.5609584
-0.35804322,1.116813,0.56089795
-0.35380536,1.1285772,0.5609095
-0.34996092,1.1384761,0.5609599
-0.34596264,1.1481781,0.5610513
-0.34164587,1.1577342,0.56114733
-0.33618852,1.1687535,0.5612848
-0.33132958,1.1779423,0.56145823
-0.32627228,1.1868541,0.5616713
-0.3209149,1.1955283,0.5619042
-0.3145961,1.2053692,0.56220704
-0.30880374,1.2135583,0.5624839
-0.30284894,1.2214994,0.56279755
-0.29670528,1.2292026,0.563146
-0.29016724,1.2365972,0.5635404
-0.28220508,1.2450687,0.5639998
-0.27546343,1.2520981,0.5644812
-0.2686304,1.2589462,0.5650364
-0.26139176,1.265503,0.5655613
-0.2527494,1.2728071,0.56618106
-0.2452949,1.2788137,0.56673354
-0.23781215,1.284624,0.5672491
-0.23003837,1.2901274,0.56770563
-0.22198449,1.295346,0.56803507
-0.21252032,1.3011647,0.5683046
-0.20436186,1.3059243,0.5685648
-0.19583367,1.3103526,0.5687144
-0.18721439,1.3144914,0.5687973
-0.17706208,1.3190572,0.5688581
-0.1681588,1.3226979,0.5689226
-0.1589366,1.3260665,0.56890446
-0.1499125,1.3292512,0.56885403
-0.14083445,1.3322767,0.5688767
-0.13000241,1.3355523,0.56885284
-0.1206369,1.3381526,0.5688785
-0.1113015,1.340503,0.5688829
-0.10207116,1.342662,0.56890094
-0.09106201,1.3449737,0.56889594
-0.08163613,1.3467408,0.5689214
-0.072102904,1.3483444,0.56893116
-0.062422518,1.3496765,0.568926
-0.052817132,1.3507749,0.568889
-0.031471908,1.3524448,0.56881195
-0.021555861,1.3528068,0.568904
-0.011980042,1.3530649,0.5690574
-0.0006442318,1.353149,0.5691889
0.009014467,1.3530198,0.5694811
0.018932015,1.3526266,0.5697264
0.028602356,1.352071,0.5699781
0.039776936,1.3511965,0.57036227
0.04925448,1.3501751,0.5707585
0.058675908,1.3488952,0.571272
0.07750688,1.3456197,0.57245207
0.088486865,1.3431617,0.57326466
0.097801976,1.3408182,0.5740437
0.10708587,1.3381633,0.57485944
0.116211794,1.3352262,0.5757022
0.12685828,1.3315051,0.5767789
0.1357264,1.3281473,0.57773817
0.14446019,1.32456,0.57871413
0.15313007,1.3206832,0.5796814
0.16155913,1.3166441,0.5806134
0.1714559,1.3116324,0.5816117
0.17967127,1.3071245,0.58238417
0.18782218,1.3022306,0.58298904
0.19599153,1.297062,0.58347225
0.21347344,1.2848471,0.5839755
0.22121441,1.2787753,0.58384347
0.22885503,1.2724587,0.58368844
0.23628291,1.2659842,0.58336425
0.24469139,1.2581527,0.58290327
0.25163952,1.2513167,0.58248544
0.2583964,1.2443175,0.582043
0.26489082,1.2372615,0.5816226
0.27222478,1.2287949,0.58107656
0.2782366,1.221383,0.58067316
0.2841019,1.2138041,0.5801891
0.28980058,1.2059635,0.5796609
0.2952421,1.1979821,0.579081
0.30132532,1.1884009,0.57827663
0.3062507,1.179924,0.57765406
0.3112295,1.1711967,0.5770898
0.3158096,1.1624174,0.57653975
0.32106057,1.151867,0.5760168
0.32526776,1.142711,0.57564
0.33330542,1.1240588,0.5751292
0.3375761,1.1130449,0.5747887
0.34084842,1.1035596,0.5745876
0.34397018,1.0939283,0.5744831
0.3467125,1.0843358,0.57431215
0.34914088,1.0746903,0.57409316
0.3518592,1.0633358,0.5739306
0.35386693,1.0535672,0.5737525
0.35548678,1.0438464,0.5734342
0.35681888,1.0340993,0.573139
0.35832936,1.0226467,0.5727707
0.35926682,1.012916,0.57241213
0.35985202,1.0031644,0.57197976
0.36028346,0.99335015,0.57153964
0.36051524,0.98356867,0.5711587
0.36062387,0.97213656,0.57075495
0.3600425,0.9525077,0.57039136
0.35943413,0.94278413,0.5703527
0.35843906,0.93152183,0.5702679
0.35720563,0.92197865,0.57018524
0.35556737,0.91196257,0.5701422
0.35374498,0.90254205,0.5700868
0.35154316,0.8932115,0.56995606
0.3491479,0.8839137,0.56985384
0.34602082,0.873142,0.5696011
0.34309077,0.8642165,0.56939507
0.34003374,0.8555995,0.5692152
0.3368507,0.847299,0.56908834
0.3334641,0.8393583,0.56896144
0.3293662,0.83055705,0.56883353
0.32581657,0.82349837,0.5687569
0.3222007,0.816866,0.5686475
0.31855938,0.81062526,0.5685166
0.3142956,0.8037525,0.56832516
0.3105366,0.79827243,0.5681304
0.30670166,0.79319656,0.56787515
0.302805,0.7884972,0.5676544
0.29885152,0.78421944,0.5674117
0.29412764,0.7798237,0.5671523
0.29009253,0.7766426,0.5670091
0.28597865,0.7739857,0.5670151
0.277768,0.7700641,0.5673756
0.27423778,0.7692748,0.56761694
0.27106073,0.76905876,0.5679118
0.2681762,0.76940364,0.5682496
0.26528275,0.7705327,0.56859416
0.26331687,0.7721241,0.5687824
0.2616373,0.77420056,0.5689661
0.26020998,0.7767495,0.5691639
0.2590549,0.7796408,0.5694371
0.2579104,0.7833228,0.569875
0.2571065,0.78670967,0.5701812
0.25627702,0.7902361,0.5706369
0.25566375,0.7939414,0.5709491
0.2549988,0.79840684,0.5711302
0.25444832,0.8024779,0.57119805
0.25400835,0.80670834,0.57104176
0.25325975,0.81587344,0.5700943
0.2530862,0.821509,0.5692885
0.25307548,0.8264594,0.5684769
0.25332773,0.8314718,0.5675189
0.253866,0.83648175,0.5663816
0.25480992,0.8421749,0.564947
0.25589618,0.84687155,0.5635928
0.2573274,0.85133034,0.56214595
0.25891873,0.8555168,0.5605607
0.26064792,0.85946137,0.5588024
0.26273823,0.86381084,0.5566677
0.26447126,0.8672853,0.5547378
0.26641515,0.870496,0.55272114
0.26819593,0.87339455,0.5506997
0.27010608,0.87642735,0.548414
0.2717421,0.8787087,0.5465713
0.27350977,0.8807188,0.54477406
0.27683797,0.88401604,0.54141074
0.2787343,0.8855215,0.5397718
0.28035265,0.8865304,0.5385813
0.28195563,0.8872967,0.537604
0.28358877,0.88791704,0.5368061
0.2854794,0.8884008,0.5360144
0.28698108,0.8884817,0.53532326
0.28844032,0.88838094,0.53454167
0.28989816,0.88805485,0.5336347
0.29169044,0.88737035,0.53231835
0.29325905,0.88653016,0.5310241
0.2947624,0.88547623,0.52970016
0.29616368,0.8842359,0.5283399
0.29769138,0.88277996,0.52695125
0.30094504,0.8793082,0.5238985
0.30226377,0.87754613,0.5225679
0.3036171,0.87567437,0.5213589
0.30512485,0.873483,0.52005327
0.30625114,0.8715152,0.5190419
0.30730024,0.86951447,0.51812154
0.30815378,0.86757934,0.51727754
0.3089241,0.86569417,0.5165041
0.30973527,0.86362845,0.5157597
0.31032187,0.8619174,0.51521397
0.31086534,0.86031586,0.5147537
0.31127173,0.8589218,0.51436985
0.31167674,0.8575309,0.5139734
0.31197214,0.8564906,0.5136978
0.31222188,0.85562605,0.5134571
0.31237808,0.8549821,0.51334023
0.31255746,0.8544848,0.5132637
0.3127907,0.85408145,0.5132323
0.31288853,0.8537987,0.51307476
0.3129242,0.8538478,0.51292616
0.3129925,0.8541319,0.51266134
0.31304577,0.85445267,0.5123799
0.31311655,0.8549102,0.5120306
0.31314325,0.8554645,0.5116406
0.31319463,0.85616183,0.5111311
0.31316718,0.8571249,0.51046187
0.31314123,0.8580971,0.5097161
0.31314975,0.85915655,0.5088916
0.31308702,0.8603151,0.50797987
0.31301928,0.8619028,0.50680417
0.31295067,0.86339456,0.5057281
0.31289613,0.8650387,0.50446165
0.31275904,0.8668155,0.5031883
0.312548,0.86892426,0.5016193
0.31236887,0.8707067,0.50022835
0.31234354,0.872485,0.49879497
0.31244466,0.8742832,0.4972837
0.31248984,0.87605155,0.49576542
0.31260893,0.8779733,0.49398318
0.31276608,0.8795611,0.49245775
0.31304917,0.8810806,0.49097738
0.31348518,0.88253933,0.48946813
0.31398544,0.88419336,0.48782668
0.31440327,0.88549596,0.48649588
0.31487784,0.886732,0.48517734
0.31536976,0.88786316,0.48389682
0.31585953,0.8889056,0.48269498
0.31644884,0.8900202,0.48131678
0.31690198,0.8909165,0.48017052
0.31728008,0.8917402,0.47900066
0.31774887,0.8923605,0.47780916
0.3182584,0.89294285,0.47646677
0.31872323,0.8933055,0.47531208
0.31925026,0.8934579,0.47410253
0.31981814,0.89354396,0.47290266
0.32044446,0.8935417,0.47176132
0.3210886,0.89352953,0.47066587
0.32241416,0.8931528,0.46837294
0.32301936,0.8928065,0.46727902
0.32354656,0.89239526,0.46615702
0.32404113,0.8919056,0.46503246
0.3245135,0.8912867,0.46380857
0.32483995,0.89071983,0.46265003
0.32506818,0.89011645,0.46148664
0.32529926,0.8894508,0.46031705
0.32559463,0.8886371,0.4590134
0.32584447,0.8879544,0.4578278
0.32614815,0.88729525,0.45662278
0.32635555,0.8865852,0.4553406
0.3267685,0.8857641,0.45386904
0.327101,0.8851913,0.45258775
0.32751364,0.8846283,0.45124444
0.3277604,0.88411677,0.44993216
0.3282944,0.8829508,0.44713372
0.32851034,0.88253844,0.4457897
0.3286144,0.8822055,0.44444308
0.32859564,0.88199776,0.44304588
0.3285356,0.88168925,0.44138598
0.32843077,0.8816347,0.4399276
0.32827938,0.8816494,0.43843728
0.3280785,0.8817724,0.43687442
0.3278929,0.881967,0.43532366
0.3278109,0.8822414,0.43343925
0.32774115,0.8826724,0.4318009
0.32770053,0.8831321,0.43009654
0.32758477,0.88368225,0.42837256
0.32753503,0.88424325,0.4264351
0.32752144,0.8848765,0.4248144
0.32759944,0.8855572,0.42320657
0.32758963,0.8863484,0.42166224
0.3273511,0.8881639,0.4182964
0.32721856,0.88906693,0.41672242
0.327098,0.8900716,0.41506988
0.32682067,0.89353025,0.41011208
0.32654336,0.8959476,0.40695268
0.32643536,0.8971187,0.40549242
0.32642865,0.89837885,0.40388805
0.32647333,0.89946526,0.40245965
0.3264967,0.9005524,0.4010274
0.32643306,0.901543,0.39959133
0.3265016,0.90253323,0.3979984
0.3265596,0.9033872,0.3966179
0.3266928,0.9042534,0.39524588
0.32681784,0.9050922,0.39385447
0.3268396,0.9058943,0.39248347
0.32698154,0.906732,0.39096752
0.3270471,0.9074678,0.38963276
0.3270729,0.9081617,0.38827702
0.32707423,0.90878314,0.38683978
0.32707918,0.9093241,0.3852113
0.32697737,0.9098051,0.38371858
0.32686788,0.9102015,0.38219768
0.32686457,0.91059107,0.38067684
0.32692614,0.910934,0.37890702
0.32697058,0.9112281,0.37720403
0.32694197,0.91147,0.3752344
0.32700014,0.9118064,0.36989543
0.327127,0.91186905,0.3657221
0.32718953,0.91199225,0.36139533
0.32721215,0.9120879,0.3563832
0.32721233,0.9121858,0.35065854
0.32727164,0.91218853,0.3431182
0.32723513,0.91227186,0.33583558
0.3272098,0.9123357,0.3278429
0.32715577,0.9124095,0.31911823
0.327098,0.9124531,0.30967325
0.3270711,0.91243577,0.2977792
0.32698986,0.9124841,0.2867801
0.3268809,0.9125358,0.27506056
0.3267739,0.9125555,0.26262978
0.3267186,0.91245604,0.24725236
0.3265848,0.91246647,0.23326507
0.32644945,0.91246045,0.21855804
0.3261226,0.9124795,0.18699764
0.32596874,0.91239953,0.1672907
0.3257731,0.9124179,0.14971533
0.32557946,0.9126632,0.13404758
0.3252936,0.91293097,0.12645257
0.3246653,0.91201055,0.12883987
0.3241972,0.9106891,0.13594577
0.32393306,0.90938395,0.1445302
0.3236523,0.90828675,0.15292774
0.32325366,0.90735304,0.16058494
0.32281974,0.9061558,0.16866916
0.32239637,0.90508235,0.17479044
0.32195592,0.9040013,0.18012863
0.32151404,0.9029867,0.18474437
0.32104182,0.9017289,0.18921532
0.32058433,0.9006758,0.19221273
0.32014063,0.8995906,0.1944953
0.31919277,0.897568,0.19674388
0.31869593,0.8962773,0.19668943
0.31821233,0.8952436,0.1958157
0.31769174,0.89426595,0.19417797
0.31717616,0.8932741,0.1918087
0.31662735,0.892004,0.18813235
0.3160886,0.89100444,0.18415202
0.31555456,0.89000654,0.17943895
0.31499013,0.8890299,0.17396782
0.31443125,0.8880298,0.16776697
0.31381872,0.8867991,0.15962072
0.31321996,0.88588154,0.15202153
0.31264275,0.8850733,0.14494832
0.3127284,0.88399094,0.14041196
0.31397742,0.8817152,0.1397172
0.3151496,0.8793744,0.14201531
0.3160954,0.8768399,0.14539428
0.3169892,0.87439096,0.148814
0.31816113,0.87164694,0.15228885
0.31913096,0.8695657,0.15445611
0.32010683,0.8674241,0.15596
0.32212752,0.86288875,0.15666401
0.32307255,0.8607947,0.15587059
0.3242542,0.8581861,0.15403034
0.32518753,0.85605687,0.15167417
0.3261399,0.8539593,0.14901312
0.32712734,0.85197467,0.14678226
0.328151,0.8502648,0.14565174
0.32946843,0.848609,0.1460315
0.33042958,0.8477834,0.14712237
0.33133093,0.8472174,0.14821053
0.33219984,0.8467484,0.14903294
0.33329237,0.84600025,0.14954078
0.33413875,0.8455077,0.1494552
0.33498278,0.8450308,0.14901312
0.3357819,0.84467304,0.14828968
0.33654135,0.8444537,0.14749841
0.33795017,0.8446521,0.14646812
0.3383982,0.8451997,0.14636682
0.33872786,0.84596527,0.14637886
0.33909416,0.8468546,0.1463881
0.33923706,0.84787494,0.14620483
0.33930886,0.84894145,0.14583938
0.33927834,0.8501174,0.14531593
0.3391609,0.8513908,0.14472486
0.33896104,0.8528694,0.144216
0.33856538,0.8543864,0.14409627
0.33807233,0.85585266,0.14427277
0.3368914,0.8583567,0.14465602
0.33627853,0.85933876,0.14455041
0.33566532,0.8601537,0.14432049
0.33503845,0.8608344,0.14403035
0.33443192,0.86132944,0.14375466
0.333819,0.8615348,0.14349726
0.33326498,0.8615851,0.14328209
0.3327504,0.86140716,0.14307329
0.33225673,0.8610861,0.14284918
0.33181792,0.86035657,0.14257853
0.33142492,0.8597758,0.14231099
0.33111277,0.8590905,0.14207871
0.3308556,0.85840243,0.14190112
0.33070877,0.8574634,0.14174621
0.33042085,0.8564398,0.14132115
0.33032805,0.856029,0.14105216
0.3302377,0.8557423,0.140778
0.33021742,0.8553566,0.14050952
0.33011806,0.8553211,0.14027523
0.3300202,0.85537857,0.14004451
0.32990447,0.85556763,0.1398008
0.32983816,0.85569614,0.1395291
0.3296928,0.85603046,0.13927759
0.3295344,0.8563834,0.13903315
0.32936198,0.85673976,0.13879077
0.32915637,0.85712725,0.13854152
0.32896763,0.8573594,0.13825843
0.3287164,0.85767734,0.1379937
0.32845616,0.85792357,0.13772799
0.32817632,0.85814625,0.13746539
0.32791832,0.85814166,0.13717763
0.32762745,0.8582433,0.1369145
0.32734743,0.85827166,0.136648
0.32706493,0.8582981,0.13637868
0.32679838,0.8582834,0.13610576
0.3265712,0.85807514,0.13580082
0.32632548,0.8580782,0.13552697
0.32610118,0.8580853,0.13525094
0.3258808,0.8581646,0.13497326
0.32570735,0.85812557,0.13465616
0.32550898,0.8583105,0.13436885
0.32532632,0.85852015,0.134079
0.32514304,0.8588054,0.13379014
0.32497054,0.85911137,0.13350031
0.3248205,0.85938317,0.1331717
0.32464802,0.8597654,0.13288088
0.32448146,0.86014336,0.13258584
0.32430565,0.86055726,0.13229118
0.32415828,0.86084914,0.13194992
0.3239714,0.86125547,0.1316553
0.32378626,0.86162364,0.13135968
0.32358676,0.8620062,0.13106659
0.32338867,0.862348,0.13076784
0.3231968,0.8625999,0.13042215
0.32298985,0.86292726,0.13012072
0.3227885,0.8632343,0.12981838
0.32257825,0.86358106,0.1295212
0.32239103,0.86382014,0.12917128
0.3221849,0.864213,0.12887007
0.32199037,0.8646128,0.12856454
0.32179356,0.86507195,0.12826346
0.32162538,0.8654667,0.1279088
0.32144088,0.86599815,0.12761267
0.32126847,0.8665373,0.1273132
0.321096,0.86712503,0.1270169
0.32093546,0.8677099,0.12671533
0.32080483,0.86823165,0.1263527
0.32065263,0.8688413,0.12605071
0.32050762,0.8694303,0.12574609
0.3203555,0.8700431,0.1254485
0.32022536,0.8705788,0.12508759
0.32006782,0.8711914,0.12479229
0.31991318,0.87177837,0.1244931
0.319751,0.8723868,0.12419886
0.31959274,0.8729785,0.12389961
0.31945345,0.87350833,0.12353484
0.3192946,0.874124,0.12323841
0.31914282,0.87473154,0.122936286
0.31898618,0.8753783,0.12263969
0.31884864,0.8759904,0.12227225
0.3186928,0.87668145,0.12197922
0.31854326,0.8773736,0.121682554
0.3183919,0.87810254,0.12139321
0.31824875,0.8788301,0.12109991
0.31811678,0.8795729,0.12074793
0.3179829,0.88032675,0.1204579
0.31785572,0.88106984,0.12016188
0.31772676,0.8818318,0.11987569
0.31761882,0.88256633,0.11951522
0.31749308,0.88332653,0.119235635
0.3173715,0.88406813,0.118949406
0.31724334,0.88482565,0.11867086
0.31712013,0.8855659,0.11838871
0.31688032,0.8870613,0.11777703
0.31676525,0.8877986,0.1174761
0.3166409,0.8885615,0.11720991
0.3165207,0.8893192,0.11693549
0.31639448,0.89010197,0.1166727
0.3162793,0.8908954,0.116331235
0.31615207,0.8917047,0.11607562
0.31603009,0.8925139,0.11581399
0.31590578,0.8933418,0.11556547
0.31579715,0.8941902,0.11523613
0.31568167,0.8950311,0.11499349
0.3155744,0.89586294,0.114742436
0.3154747,0.89668643,0.114484176
0.31538263,0.8975494,0.11416352
0.31528914,0.8983699,0.113913506
0.31509924,0.9000133,0.11343397
0.3149212,0.90168697,0.11288381
0.3148271,0.90250933,0.11265964
0.3147363,0.9033279,0.11243148
0.31464836,0.9041429,0.11219676
0.31456155,0.90501595,0.11189429
0.31447363,0.90583915,0.1116635
0.3143807,0.9066725,0.111447684
0.31429142,0.90750176,0.11122626
0.31419986,0.9083371,0.11102157
0.3141221,0.9092287,0.11073016
0.31403998,0.9100667,0.110534415
0.31396496,0.9109005,0.11032897
0.3138966,0.91173023,0.11011423
0.3138311,0.9126285,0.10983396
0.3137617,0.91345763,0.10963217
0.31368682,0.914286,0.10945056
0.31361294,0.9151093,0.10926225
0.31353238,0.91593015,0.109089315
0.31345615,0.91682273,0.108822994
0.3133704,0.91763854,0.108659424
0.31328708,0.9184493,0.10848907
0.31320086,0.9192526,0.10833734
0.31312513,0.92013,0.10809342
0.3130545,0.92092127,0.107924335
0.31298268,0.92170537,0.10777296
0.31291875,0.92248607,0.107612684
0.31285423,0.9232603,0.107471466
0.31279975,0.9241225,0.10723917
0.31273893,0.9248897,0.10710962
0.31268242,0.92565703,0.10697137
0.3126235,0.9264162,0.106848404
0.3125718,0.9272704,0.1066307
0.31251934,0.9280293,0.1064896
0.3124631,0.92877775,0.10637145
0.3123514,0.93036157,0.10605591
0.31229377,0.9310954,0.10593639
0.31223166,0.93181425,0.10583476
0.31217042,0.9325297,0.10572309
0.3121032,0.9332313,0.105632275
0.31203702,0.93403685,0.10544896
0.31196648,0.93472344,0.10536937
0.31189984,0.9354097,0.10527587
0.3118378,0.9360965,0.1051731
0.3117742,0.9368794,0.10500487
0.3117156,0.9375521,0.10491324
0.31165615,0.9382097,0.10484346
0.31160122,0.9388695,0.104764715
0.31154296,0.939513,0.10470241
0.31149,0.9402771,0.10454272
0.3114362,0.94090605,0.10448657
0.3113865,0.9415357,0.10442072
0.31134018,0.94216686,0.10434629
0.3112448,0.9435086,0.10415064
0.3111962,0.9440971,0.1041106
0.3111504,0.9446882,0.10406033
0.31110173,0.9452571,0.10403076
0.31105483,0.9459533,0.10390647
0.31100616,0.94650364,0.10388913
0.31096163,0.94705856,0.10386008
0.31091505,0.9475935,0.10385082
0.31087175,0.948262,0.10374347
0.31083277,0.9488077,0.10370859
0.310792,0.9493323,0.10369503
0.31075588,0.9498617,0.10367167
0.31071964,0.95036817,0.10366883
0.31068867,0.9510111,0.10357179
0.31065878,0.9514979,0.10357907
0.31063327,0.9519898,0.103575714
0.31060755,0.95245814,0.103591025
0.3105858,0.9530666,0.103511125
0.310562,0.9535165,0.10353335
0.31054053,0.9539733,0.10354715
0.31052145,0.9544359,0.10355144
0.31050298,0.9550098,0.10349055
0.31048673,0.9554525,0.10350037
0.3104529,0.9562918,0.103556216
0.31043524,0.9566909,0.10359991
0.3104223,0.9572393,0.10354961
0.3104085,0.9576226,0.10360162
0.31039792,0.9580157,0.10364191
0.31039074,0.9584184,0.103669256
0.3103822,0.95893836,0.10363573
0.31037214,0.9593214,0.10367394
0.31035635,0.9596737,0.10373344
0.31033918,0.96003056,0.10377996
0.31031802,0.9603569,0.1038438
0.3102943,0.96083444,0.10381464
0.31027067,0.9611392,0.103884295
0.31025115,0.96145296,0.103943355
0.31023297,0.9617392,0.10402207
0.3102187,0.9621818,0.104007944
0.31020397,0.96276677,0.104133435
0.31020296,0.9630564,0.10419302
0.3102027,0.96331793,0.10427256
0.31020737,0.9637398,0.10426363
0.31020975,0.9639849,0.10435526
0.31021354,0.9642395,0.10443511
0.31021225,0.9644633,0.1045326
0.3102095,0.96484464,0.10453773
0.31020662,0.9650864,0.10461034
0.31019822,0.9652964,0.10470432
0.31019044,0.96551746,0.10478572
0.31017599,0.9658538,0.10480815
0.3101623,0.9660541,0.104894064
0.31014588,0.96622276,0.10499916
0.31013012,0.9664025,0.10509389
0.31011188,0.9666025,0.10518122
0.31009918,0.96676683,0.10528419
0.31008175,0.9672354,0.105417185
0.31007895,0.9673927,0.10551881
0.31007743,0.9675205,0.10563727
0.31008053,0.9676583,0.10574569
0.3100842,0.9679133,0.105801694
0.3100914,0.96803457,0.10592154
0.3100962,0.96812445,0.10605968
0.31010205,0.9682273,0.106180914
0.31010786,0.9684904,0.10621583
0.3101204,0.9687544,0.106396265
0.31012094,0.96885484,0.10650471
0.3101198,0.9689695,0.10660188
0.31010866,0.9691958,0.10664713
0.3101,0.96928775,0.10675219
0.31008735,0.9693456,0.1068775
0.31007558,0.96941596,0.1069924
0.3100583,0.9696002,0.10705976
0.31004903,0.9696512,0.10718761
0.31003892,0.9696681,0.10733283
0.31003225,0.9697001,0.107463285
0.3100265,0.9698913,0.10751304
0.3100238,0.9699021,0.10764959
0.31002492,0.96992415,0.10777629
0.31002522,0.96991163,0.107924886
0.31002834,0.96991444,0.10805955
0.31002623,0.97002935,0.10814494
0.31002647,0.9700142,0.10828472
0.3100216,0.96996653,0.10844228
0.31001663,0.9699346,0.10858846
0.31000748,0.97006315,0.108660355
0.30999607,0.97001344,0.10881845
0.3099696,0.96991605,0.10912441
0.30995408,0.9698656,0.10927575
0.30993202,0.9699253,0.1093837
0.30991635,0.9698545,0.10954706
0.30990005,0.96975034,0.109727845
0.30988702,0.9696603,0.10989492
0.3098698,0.969677,0.11001548
0.30986032,0.96956676,0.11018628
0.3098536,0.9694704,0.11034503
0.30984792,0.96934366,0.110519886
0.30984464,0.9692324,0.11068469
0.30983794,0.9692267,0.1108057
0.3098364,0.9691005,0.11097358
0.30983305,0.9689433,0.1111564
0.30982947,0.9688045,0.11132547
0.30981842,0.9687723,0.1114498
0.3098092,0.9686206,0.11162392
0.30978033,0.96831876,0.11196383
0.30976066,0.9681692,0.11213017
0.30973002,0.9681226,0.11225133
0.30970597,0.9679585,0.11241943
0.30968028,0.9677655,0.11260391
0.30965674,0.9675865,0.11277784
0.30963323,0.96737874,0.112964965
0.30960613,0.9673124,0.1130835
0.3095895,0.9671352,0.11324628
0.30957368,0.96692973,0.113424666
0.3095606,0.96674067,0.11359198
0.309544,0.9666522,0.11371809
0.309536,0.9664543,0.113889165
0.30952787,0.9662303,0.11407493
0.30952093,0.966023,0.11424898
0.30950668,0.96591026,0.114383884
0.30948475,0.9654435,0.114750594
0.30947033,0.96521175,0.11493117
0.3094556,0.9649979,0.11510086
0.30943072,0.96487886,0.11523408
0.30941194,0.96465546,0.11540581
0.3093909,0.9644035,0.11559063
0.30936962,0.96416724,0.115763724
0.3093389,0.9640229,0.11590262
0.30931792,0.96377337,0.116083354
0.30929574,0.9634989,0.116276994
0.309276,0.96323997,0.116458915
0.30925724,0.9629555,0.116652675
0.30923402,0.962804,0.11678666
0.3092205,0.962553,0.11696053
0.30920655,0.96227807,0.11714644
0.3091941,0.9620187,0.11732231
0.3091727,0.96184945,0.11746254
0.30915794,0.96158385,0.11763745
0.30914116,0.96129316,0.11782393
0.3091243,0.96101975,0.11799973
0.30907795,0.9605552,0.118319
0.3090588,0.9602934,0.11848636
0.3090376,0.96000534,0.11866519
0.3090166,0.9597339,0.11882946
0.30898613,0.9595457,0.118959144
0.30896518,0.9592654,0.11912421
0.30894378,0.95896107,0.11930095
0.30892432,0.9586723,0.119466886
0.30889663,0.95846885,0.11959674
0.30887944,0.95817757,0.11975679
0.30886385,0.95786583,0.11992566
0.3088506,0.9575721,0.12008515
0.3088375,0.9572957,0.12023665
0.30881488,0.9571025,0.12035681
0.30880097,0.9568221,0.120510735
0.308786,0.95652115,0.12067355
0.3087478,0.95603305,0.12095132
0.30873385,0.95574397,0.12110672
0.30872068,0.955434,0.12127157
0.30870724,0.9551394,0.12142571
0.3086933,0.95486003,0.121566504
0.3086714,0.95465595,0.1216777
0.30865425,0.95406735,0.12197332
0.3086477,0.95377904,0.12211874
0.30863315,0.95356506,0.122235745
0.30862796,0.9532714,0.12238073
0.30862364,0.95296115,0.122532114
0.3086194,0.95266837,0.12267277
0.30861503,0.95235676,0.12282208
0.3086004,0.9521518,0.122923456
0.30859345,0.95186895,0.123056635
0.30858523,0.9515687,0.12319945
